{
  "config": {
    "dataset": {
      "downsample_freq": "w",
      "name": "wti",
      "sample_entities": 1
    },
    "drift": {
      "enabled": false
    },
    "metrics": [
      "mae",
      "rmse",
      "smape"
    ],
    "model": {
      "name": "rf",
      "params": {
        "max_depth": 8,
        "n_estimators": 50,
        "n_lags": 3,
        "random_state": 46
      }
    },
    "output": {
      "results_dir": "results/wti/no_retrain/rf",
      "save_metrics": true,
      "save_predictions": false,
      "save_window_metrics": true
    },
    "retraining": {
      "enabled": true,
      "min_steps_between_retrain": 999999,
      "policy": "no_retraining"
    },
    "seed": 42,
    "simulation": {
      "forecast_horizon_hours": 168,
      "history_window_days": 60,
      "step_size_hours": 168
    }
  },
  "seeds": [
    42,
    43,
    44,
    45,
    46
  ],
  "n_successful": 5,
  "statistics": {
    "mae": {
      "mean": 20.547143013317893,
      "std": 0.213964246168665,
      "min": 20.20736392753645,
      "max": 20.717343308689195,
      "values": [
        20.20736392753645,
        20.70642708090487,
        20.633777864656125,
        20.717343308689195,
        20.470802884802822
      ]
    },
    "rmse": {
      "mean": 31.1380593969276,
      "std": 0.23988228518851668,
      "min": 30.75868408983451,
      "max": 31.337309419251145,
      "values": [
        30.75868408983451,
        31.29522109493868,
        31.253426669275303,
        31.337309419251145,
        31.04565571133836
      ]
    },
    "smape": {
      "mean": 35.592554984780506,
      "std": 0.4986916606025908,
      "min": 34.80378506284806,
      "max": 35.98782220260129,
      "values": [
        34.80378506284806,
        35.98782220260129,
        35.7674792034704,
        35.98635483077383,
        35.41733362420898
      ]
    },
    "total_retrains": {
      "mean": 1.0,
      "std": 0.0,
      "min": "1",
      "max": "1",
      "values": [
        1,
        1,
        1,
        1,
        1
      ]
    }
  },
  "timestamp": "2026-04-01T13:17:29.980287"
}