{
  "config": {
    "dataset": {
      "downsample_freq": "h",
      "name": "traffic",
      "sample_entities": 1
    },
    "drift": {
      "enabled": false
    },
    "metrics": [
      "mae",
      "rmse",
      "smape"
    ],
    "model": {
      "name": "lstm",
      "params": {
        "epochs": 20,
        "hidden_size": 32,
        "num_layers": 2,
        "sequence_length": 24,
        "random_state": 46
      }
    },
    "output": {
      "results_dir": "results/traffic/fixed_retrain/lstm",
      "save_metrics": true,
      "save_predictions": false,
      "save_window_metrics": true
    },
    "retraining": {
      "enabled": true,
      "min_steps_between_retrain": 1,
      "policy": "fixed_schedule",
      "retrain_every_n_steps": 10
    },
    "seed": 42,
    "simulation": {
      "forecast_horizon_hours": 24,
      "history_window_days": 30,
      "step_size_hours": 24
    }
  },
  "seeds": [
    42,
    43,
    44,
    45,
    46
  ],
  "n_successful": 5,
  "statistics": {
    "mae": {
      "mean": 2621.913893206903,
      "std": 21.168420037178436,
      "min": 2590.2690789103945,
      "max": 2649.7840986710694,
      "values": [
        2649.7840986710694,
        2590.2690789103945,
        2622.435728691271,
        2621.454276104897,
        2625.6262836568835
      ]
    },
    "rmse": {
      "mean": 3226.8147641414025,
      "std": 21.668258826974412,
      "min": 3194.718555796623,
      "max": 3255.751091774781,
      "values": [
        3255.751091774781,
        3194.718555796623,
        3225.6733655308676,
        3228.858579969536,
        3229.072227635206
      ]
    },
    "smape": {
      "mean": 70.98038524688911,
      "std": 0.2548349915906945,
      "min": 70.60010771662685,
      "max": 71.31346220021312,
      "values": [
        71.31346220021312,
        70.60010771662685,
        71.001676293372,
        70.95196807504828,
        71.03471194918531
      ]
    },
    "total_retrains": {
      "mean": 198.0,
      "std": 0.0,
      "min": "198",
      "max": "198",
      "values": [
        198,
        198,
        198,
        198,
        198
      ]
    }
  },
  "timestamp": "2026-04-01T12:58:23.906771"
}