{
  "mae": 20.055098755411258,
  "rmse": 29.123406377215662,
  "smape": 34.41256424885869,
  "mape": 38.183535604753935,
  "error_mean": 20.055098755411258,
  "error_std": 21.117902663928252,
  "error_max": 84.97,
  "error_autocorr_lag1": 0.996311328333195,
  "relative_error_mean": 0.3818353560475394,
  "compute_proxy": 5.0,
  "n_windows": 44,
  "n_predictions": 7392,
  "retrain_total_retrains": 5,
  "retrain_compute_proxy": 5.0,
  "retrain_drift_triggered_retrains": 0,
  "retrain_total_steps": 44,
  "retrain_retrain_rate": 0.11363636363636363,
  "retrain_avg_hours_between_retrains": 58122.0,
  "retrain_median_hours_between_retrains": 58212.0
}