{
  "mae": 17.610091991341992,
  "rmse": 27.137734717360377,
  "smape": 28.552254253014002,
  "mape": 33.618744137148376,
  "error_mean": 17.610091991341992,
  "error_std": 20.64803394142647,
  "error_max": 96.00999999999999,
  "error_autocorr_lag1": 0.9957062147474645,
  "relative_error_mean": 0.33618744137148376,
  "compute_proxy": 11.0,
  "n_windows": 0,
  "n_predictions": 7392,
  "retrain_total_retrains": 11,
  "retrain_compute_proxy": 11.0,
  "retrain_drift_triggered_retrains": 11,
  "retrain_total_steps": 44,
  "retrain_retrain_rate": 0.25,
  "retrain_avg_hours_between_retrains": 23460.0,
  "retrain_median_hours_between_retrains": 23460.0
}