{
  "mae": 1.387586871202421,
  "rmse": 2.935033185499915,
  "smape": 3.272990267575119,
  "mape": 3.2961844323542295,
  "error_mean": 1.387586871202421,
  "error_std": 2.5863144578439132,
  "error_max": 85.70790554172783,
  "error_autocorr_lag1": 0.15307191470476156,
  "relative_error_mean": 0.032961844323542294,
  "compute_proxy": 11.0,
  "n_windows": 0,
  "n_predictions": 7392,
  "retrain_total_retrains": 11,
  "retrain_compute_proxy": 11.0,
  "retrain_drift_triggered_retrains": 11,
  "retrain_total_steps": 44,
  "retrain_retrain_rate": 0.25,
  "retrain_avg_hours_between_retrains": 23460.0,
  "retrain_median_hours_between_retrains": 23460.0
}