{
  "mae": 959.58095684803,
  "rmse": 1691.4784597366206,
  "smape": 44.857685377986876,
  "mape": 57.65882497695258,
  "error_mean": 959.58095684803,
  "error_std": 1392.9478694508239,
  "error_max": 11419.0,
  "error_autocorr_lag1": 0.9421067944545625,
  "relative_error_mean": 0.5765882497695258,
  "compute_proxy": 299.0,
  "n_windows": 5330,
  "n_predictions": 127920,
  "retrain_total_retrains": 299,
  "retrain_compute_proxy": 299.0,
  "retrain_drift_triggered_retrains": 299,
  "retrain_total_steps": 5330,
  "retrain_retrain_rate": 0.05609756097560976,
  "retrain_avg_hours_between_retrains": 84.88590604026845,
  "retrain_median_hours_between_retrains": 96.0
}