{
  "mae": 344.1608859718968,
  "rmse": 564.259326545757,
  "smape": 14.047997252465422,
  "mape": 120.77235445400893,
  "error_mean": 344.1608859718968,
  "error_std": 447.1486018773962,
  "error_max": 5516.7160409442495,
  "error_autocorr_lag1": 0.33750406356619095,
  "relative_error_mean": 1.2077235445400893,
  "compute_proxy": 1.0,
  "n_windows": 1978,
  "n_predictions": 47472,
  "retrain_total_retrains": 1,
  "retrain_compute_proxy": 1.0,
  "retrain_drift_triggered_retrains": 0,
  "retrain_total_steps": 1978,
  "retrain_retrain_rate": 0.0005055611729019212
}