{
  "config": {
    "dataset": {
      "downsample_freq": "h",
      "name": "electricity",
      "sample_entities": 5
    },
    "drift": {
      "enabled": false
    },
    "metrics": [
      "mae",
      "rmse",
      "smape"
    ],
    "model": {
      "name": "lgbm",
      "params": {
        "learning_rate": 0.1,
        "max_depth": 5,
        "n_estimators": 50,
        "n_lags": 3,
        "random_state": 46
      }
    },
    "output": {
      "results_dir": "results/electricity/fixed_retrain/lgbm",
      "save_metrics": true,
      "save_predictions": false,
      "save_window_metrics": true
    },
    "retraining": {
      "enabled": true,
      "min_steps_between_retrain": 1,
      "policy": "fixed_schedule",
      "retrain_every_n_steps": 10
    },
    "seed": 42,
    "simulation": {
      "forecast_horizon_hours": 24,
      "history_window_days": 30,
      "step_size_hours": 24
    }
  },
  "seeds": [
    42,
    43,
    44,
    45,
    46
  ],
  "n_successful": 5,
  "statistics": {
    "mae": {
      "mean": 122.65712866103146,
      "std": 1.5888218580782548e-14,
      "min": 122.65712866103148,
      "max": 122.65712866103148,
      "values": [
        122.65712866103148,
        122.65712866103148,
        122.65712866103148,
        122.65712866103148,
        122.65712866103148
      ]
    },
    "rmse": {
      "mean": 329.7916762221077,
      "std": 0.0,
      "min": 329.7916762221077,
      "max": 329.7916762221077,
      "values": [
        329.7916762221077,
        329.7916762221077,
        329.7916762221077,
        329.7916762221077,
        329.7916762221077
      ]
    },
    "smape": {
      "mean": 6.1833639510703104,
      "std": 0.0,
      "min": 6.1833639510703104,
      "max": 6.1833639510703104,
      "values": [
        6.1833639510703104,
        6.1833639510703104,
        6.1833639510703104,
        6.1833639510703104,
        6.1833639510703104
      ]
    },
    "total_retrains": {
      "mean": 533.0,
      "std": 0.0,
      "min": "533",
      "max": "533",
      "values": [
        533,
        533,
        533,
        533,
        533
      ]
    }
  },
  "timestamp": "2026-04-01T10:53:45.674938"
}