{
  "mae": 2180.6418099089988,
  "rmse": 2688.5029466841374,
  "smape": 81.93676070621933,
  "mape": 253.59558285008728,
  "error_mean": 2180.6418099089988,
  "error_std": 1572.5296153669392,
  "error_max": 6820.0,
  "error_autocorr_lag1": 0.8187894583885319,
  "relative_error_mean": 2.5359558285008728,
  "compute_proxy": 0.0,
  "n_windows": 1978,
  "n_predictions": 47472,
  "retrain_total_retrains": 0,
  "retrain_compute_proxy": 0.0,
  "retrain_drift_triggered_retrains": 0,
  "retrain_total_steps": 0
}