{
  "mae": 2802.4795458375465,
  "rmse": 3378.2931549057153,
  "smape": 143.3216528847852,
  "mape": 171.12565661056357,
  "error_mean": 2802.4795458375465,
  "error_std": 1886.5240617720706,
  "error_max": 7273.0,
  "error_autocorr_lag1": 0.8723432968693086,
  "relative_error_mean": 1.7112565661056356,
  "compute_proxy": 19.0,
  "n_windows": 0,
  "n_predictions": 47472,
  "retrain_total_retrains": 19,
  "retrain_compute_proxy": 19.0,
  "retrain_drift_triggered_retrains": 19,
  "retrain_total_steps": 1978,
  "retrain_retrain_rate": 0.009605662285136502,
  "retrain_avg_hours_between_retrains": 1811.6666666666667,
  "retrain_median_hours_between_retrains": 85.0
}