{
  "mae": 557.7891269601043,
  "rmse": 962.5457393814124,
  "smape": 58.4111833144097,
  "mape": 44.34538960078319,
  "error_mean": 557.7891269601043,
  "error_std": 784.4524142651321,
  "error_max": 7338.218695410493,
  "error_autocorr_lag1": 0.9020595123526245,
  "relative_error_mean": 0.4434538960078319,
  "compute_proxy": 384.0,
  "n_windows": 5330,
  "n_predictions": 127920,
  "retrain_total_retrains": 384,
  "retrain_compute_proxy": 384.0,
  "retrain_drift_triggered_retrains": 384,
  "retrain_total_steps": 5330,
  "retrain_retrain_rate": 0.07204502814258912,
  "retrain_avg_hours_between_retrains": 66.23498694516971,
  "retrain_median_hours_between_retrains": 96.0
}