{
  "mae": 2173.3629983776023,
  "rmse": 2925.67374201491,
  "smape": 105.68881316363886,
  "mape": 274.89786209932873,
  "error_mean": 2173.3629983776023,
  "error_std": 1958.5862559506143,
  "error_max": 15167.76199574564,
  "error_autocorr_lag1": 0.963908659601078,
  "relative_error_mean": 2.748978620993287,
  "compute_proxy": 1.0,
  "n_windows": 5330,
  "n_predictions": 127920,
  "retrain_total_retrains": 1,
  "retrain_compute_proxy": 1.0,
  "retrain_drift_triggered_retrains": 0,
  "retrain_total_steps": 5330,
  "retrain_retrain_rate": 0.0001876172607879925
}