{
  "mae": 1.5131012286499455,
  "rmse": 3.0870350899291976,
  "smape": 3.2496064671134604,
  "mape": 3.2859395122673467,
  "error_mean": 1.5131012286499455,
  "error_std": 2.690782473243089,
  "error_max": 76.62457428724696,
  "error_autocorr_lag1": 0.15589670315800896,
  "relative_error_mean": 0.03285939512267347,
  "compute_proxy": 5.0,
  "n_windows": 44,
  "n_predictions": 7392,
  "retrain_total_retrains": 5,
  "retrain_compute_proxy": 5.0,
  "retrain_drift_triggered_retrains": 1,
  "retrain_total_steps": 44,
  "retrain_retrain_rate": 0.11363636363636363,
  "retrain_avg_hours_between_retrains": 58122.0,
  "retrain_median_hours_between_retrains": 58212.0
}