{
  "mae": 2188.6955909943713,
  "rmse": 3577.312688876858,
  "smape": 111.21698044653456,
  "mape": 68.65039104779818,
  "error_mean": 2188.6955909943713,
  "error_std": 2829.6250076575825,
  "error_max": 16630.0,
  "error_autocorr_lag1": 0.9836905812361468,
  "relative_error_mean": 0.6865039104779818,
  "compute_proxy": 0.0,
  "n_windows": 5330,
  "n_predictions": 127920,
  "retrain_total_retrains": 0,
  "retrain_compute_proxy": 0.0,
  "retrain_drift_triggered_retrains": 0,
  "retrain_total_steps": 0
}