{
  "mae": 456.7981394621639,
  "rmse": 699.5792697577572,
  "smape": 28.60075370122459,
  "mape": 54.51230314973677,
  "error_mean": 456.7981394621639,
  "error_std": 529.8552768999307,
  "error_max": 7866.0,
  "error_autocorr_lag1": 0.7830348925467853,
  "relative_error_mean": 0.5451230314973677,
  "compute_proxy": 141.0,
  "n_windows": 0,
  "n_predictions": 127920,
  "retrain_total_retrains": 141,
  "retrain_compute_proxy": 141.0,
  "retrain_drift_triggered_retrains": 141,
  "retrain_total_steps": 5330,
  "retrain_retrain_rate": 0.02645403377110694,
  "retrain_avg_hours_between_retrains": 172.62857142857143,
  "retrain_median_hours_between_retrains": 96.0
}