{
  "config": {
    "dataset": {
      "downsample_freq": "w",
      "name": "wti",
      "sample_entities": 1
    },
    "drift": {
      "detector": "ks_test",
      "detector_params": {},
      "enabled": true,
      "on": "residual"
    },
    "metrics": [
      "mae",
      "rmse",
      "smape"
    ],
    "model": {
      "name": "lgbm",
      "params": {
        "random_state": 46
      }
    },
    "output": {
      "results_dir": "results/wti/adaptive_retrain/lgbm",
      "save_metrics": true,
      "save_predictions": false,
      "save_window_metrics": false
    },
    "retraining": {
      "consecutive_decay_rate": 0.5,
      "decay_consecutive": true,
      "drift_threshold": 0.5,
      "enabled": true,
      "min_steps_between_retrain": 3,
      "policy": "drift_triggered",
      "require_consecutive": 2
    },
    "seed": 42,
    "simulation": {
      "forecast_horizon_hours": 168,
      "history_window_days": 60,
      "step_size_hours": 168
    }
  },
  "seeds": [
    42,
    43,
    44,
    45,
    46
  ],
  "n_successful": 5,
  "statistics": {
    "mae": {
      "mean": 3.609255190547196,
      "std": 0.0,
      "min": 3.609255190547196,
      "max": 3.609255190547196,
      "values": [
        3.609255190547196,
        3.609255190547196,
        3.609255190547196,
        3.609255190547196,
        3.609255190547196
      ]
    },
    "rmse": {
      "mean": 9.45743231306662,
      "std": 0.0,
      "min": 9.45743231306662,
      "max": 9.45743231306662,
      "values": [
        9.45743231306662,
        9.45743231306662,
        9.45743231306662,
        9.45743231306662,
        9.45743231306662
      ]
    },
    "smape": {
      "mean": 6.7857572258926835,
      "std": 9.930136612989092e-16,
      "min": 6.785757225892684,
      "max": 6.785757225892684,
      "values": [
        6.785757225892684,
        6.785757225892684,
        6.785757225892684,
        6.785757225892684,
        6.785757225892684
      ]
    },
    "total_retrains": {
      "mean": 10.0,
      "std": 0.0,
      "min": "10",
      "max": "10",
      "values": [
        10,
        10,
        10,
        10,
        10
      ]
    }
  },
  "timestamp": "2026-04-01T13:14:09.041709"
}