{
  "config": {
    "dataset": {
      "downsample_freq": "w",
      "name": "brent",
      "sample_entities": 1
    },
    "drift": {
      "detector": "ks_test",
      "detector_params": {},
      "enabled": true,
      "on": "residual"
    },
    "metrics": [
      "mae",
      "rmse",
      "smape"
    ],
    "model": {
      "name": "naive",
      "params": {
        "random_state": 46
      }
    },
    "output": {
      "results_dir": "results/brent/adaptive_retrain/naive",
      "save_metrics": true,
      "save_predictions": false,
      "save_window_metrics": false
    },
    "retraining": {
      "consecutive_decay_rate": 0.5,
      "decay_consecutive": true,
      "drift_threshold": 0.5,
      "enabled": true,
      "min_steps_between_retrain": 3,
      "policy": "drift_triggered",
      "require_consecutive": 2
    },
    "seed": 42,
    "simulation": {
      "forecast_horizon_hours": 168,
      "history_window_days": 60,
      "step_size_hours": 168
    }
  },
  "seeds": [
    42,
    43,
    44,
    45,
    46
  ],
  "n_successful": 5,
  "statistics": {
    "mae": {
      "mean": 17.99907332251082,
      "std": 0.0,
      "min": 17.99907332251082,
      "max": 17.99907332251082,
      "values": [
        17.99907332251082,
        17.99907332251082,
        17.99907332251082,
        17.99907332251082,
        17.99907332251082
      ]
    },
    "rmse": {
      "mean": 25.856369693893505,
      "std": 3.972054645195637e-15,
      "min": 25.8563696938935,
      "max": 25.8563696938935,
      "values": [
        25.8563696938935,
        25.8563696938935,
        25.8563696938935,
        25.8563696938935,
        25.8563696938935
      ]
    },
    "smape": {
      "mean": 30.916836311880456,
      "std": 3.972054645195637e-15,
      "min": 30.91683631188046,
      "max": 30.91683631188046,
      "values": [
        30.91683631188046,
        30.91683631188046,
        30.91683631188046,
        30.91683631188046,
        30.91683631188046
      ]
    },
    "total_retrains": {
      "mean": 11.0,
      "std": 0.0,
      "min": "11",
      "max": "11",
      "values": [
        11,
        11,
        11,
        11,
        11
      ]
    }
  },
  "timestamp": "2026-04-01T09:38:23.441217"
}