{
  "config": {
    "dataset": {
      "downsample_freq": "w",
      "name": "wti",
      "sample_entities": 1
    },
    "drift": {
      "enabled": false
    },
    "metrics": [
      "mae",
      "rmse",
      "smape"
    ],
    "model": {
      "name": "lgbm",
      "params": {
        "learning_rate": 0.1,
        "max_depth": 5,
        "n_estimators": 50,
        "n_lags": 3,
        "random_state": 46
      }
    },
    "output": {
      "results_dir": "results/wti/no_retrain/lgbm",
      "save_metrics": true,
      "save_predictions": false,
      "save_window_metrics": true
    },
    "retraining": {
      "enabled": true,
      "min_steps_between_retrain": 999999,
      "policy": "no_retraining"
    },
    "seed": 42,
    "simulation": {
      "forecast_horizon_hours": 168,
      "history_window_days": 60,
      "step_size_hours": 168
    }
  },
  "seeds": [
    42,
    43,
    44,
    45,
    46
  ],
  "n_successful": 5,
  "statistics": {
    "mae": {
      "mean": 18.176231531116606,
      "std": 0.0,
      "min": 18.176231531116606,
      "max": 18.176231531116606,
      "values": [
        18.176231531116606,
        18.176231531116606,
        18.176231531116606,
        18.176231531116606,
        18.176231531116606
      ]
    },
    "rmse": {
      "mean": 29.44894869953374,
      "std": 3.972054645195637e-15,
      "min": 29.448948699533744,
      "max": 29.448948699533744,
      "values": [
        29.448948699533744,
        29.448948699533744,
        29.448948699533744,
        29.448948699533744,
        29.448948699533744
      ]
    },
    "smape": {
      "mean": 31.679252457307758,
      "std": 3.972054645195637e-15,
      "min": 31.679252457307754,
      "max": 31.679252457307754,
      "values": [
        31.679252457307754,
        31.679252457307754,
        31.679252457307754,
        31.679252457307754,
        31.679252457307754
      ]
    },
    "total_retrains": {
      "mean": 1.0,
      "std": 0.0,
      "min": "1",
      "max": "1",
      "values": [
        1,
        1,
        1,
        1,
        1
      ]
    }
  },
  "timestamp": "2026-04-01T13:17:00.209237"
}