{
  "config": {
    "dataset": {
      "downsample_freq": "w",
      "name": "brent",
      "sample_entities": 1
    },
    "drift": {
      "enabled": false
    },
    "metrics": [
      "mae",
      "rmse",
      "smape"
    ],
    "model": {
      "name": "rf",
      "params": {
        "max_depth": 8,
        "n_estimators": 50,
        "n_lags": 3,
        "random_state": 46
      }
    },
    "output": {
      "results_dir": "results/brent/fixed_retrain/rf",
      "save_metrics": true,
      "save_predictions": false,
      "save_window_metrics": true
    },
    "retraining": {
      "enabled": true,
      "min_steps_between_retrain": 1,
      "policy": "fixed_schedule",
      "retrain_every_n_steps": 10
    },
    "seed": 42,
    "simulation": {
      "forecast_horizon_hours": 168,
      "history_window_days": 60,
      "step_size_hours": 168
    }
  },
  "seeds": [
    42,
    43,
    44,
    45,
    46
  ],
  "n_successful": 5,
  "statistics": {
    "mae": {
      "mean": 9.94648870044365,
      "std": 0.03569231465257915,
      "min": 9.916676477917802,
      "max": 10.006025667566114,
      "values": [
        9.916676477917802,
        10.006025667566114,
        9.938142463370136,
        9.922305628287777,
        9.949293265076426
      ]
    },
    "rmse": {
      "mean": 19.113124051190926,
      "std": 0.053094129419993634,
      "min": 19.057100452753787,
      "max": 19.193591241368026,
      "values": [
        19.057100452753787,
        19.193591241368026,
        19.130869552914117,
        19.076905493688464,
        19.107153515230237
      ]
    },
    "smape": {
      "mean": 17.228821262974073,
      "std": 0.07357037400873592,
      "min": 17.15517019978022,
      "max": 17.349243575700058,
      "values": [
        17.21294656458735,
        17.349243575700058,
        17.15517019978022,
        17.191067352126048,
        17.235678622676698
      ]
    },
    "total_retrains": {
      "mean": 5.0,
      "std": 0.0,
      "min": "5",
      "max": "5",
      "values": [
        5,
        5,
        5,
        5,
        5
      ]
    }
  },
  "timestamp": "2026-04-01T09:39:38.811769"
}