{
  "mae": 40.82643470734691,
  "rmse": 52.06185473351448,
  "smape": 56.48173515660619,
  "mape": 93.10908742453394,
  "error_mean": 40.82643470734691,
  "error_std": 32.305401210638195,
  "error_max": 123.5251500828311,
  "error_autocorr_lag1": 0.9986488417030545,
  "relative_error_mean": 0.9310908742453394,
  "compute_proxy": 10.0,
  "n_windows": 0,
  "n_predictions": 7392,
  "retrain_total_retrains": 10,
  "retrain_compute_proxy": 10.0,
  "retrain_drift_triggered_retrains": 10,
  "retrain_total_steps": 44,
  "retrain_retrain_rate": 0.22727272727272727,
  "retrain_avg_hours_between_retrains": 23888.0,
  "retrain_median_hours_between_retrains": 23376.0
}