{
  "mae": 1.3935524559189472,
  "rmse": 2.642998347594782,
  "smape": 2.8601610730741505,
  "mape": 2.8851663464703328,
  "error_mean": 1.3935524559189472,
  "error_std": 2.2457630814471545,
  "error_max": 75.56434416084761,
  "error_autocorr_lag1": 0.1929225485931024,
  "relative_error_mean": 0.028851663464703328,
  "compute_proxy": 11.0,
  "n_windows": 0,
  "n_predictions": 7392,
  "retrain_total_retrains": 11,
  "retrain_compute_proxy": 11.0,
  "retrain_drift_triggered_retrains": 11,
  "retrain_total_steps": 44,
  "retrain_retrain_rate": 0.25,
  "retrain_avg_hours_between_retrains": 23234.4,
  "retrain_median_hours_between_retrains": 23244.0
}