{
  "mae": 852.3067139037579,
  "rmse": 1068.911634506323,
  "smape": 37.881039650433166,
  "mape": 118.23030966969752,
  "error_mean": 852.3067139037579,
  "error_std": 645.0932861358558,
  "error_max": 5592.443591323166,
  "error_autocorr_lag1": 0.42714065732483925,
  "relative_error_mean": 1.1823030966969752,
  "compute_proxy": 1.0,
  "n_windows": 1978,
  "n_predictions": 47472,
  "retrain_total_retrains": 1,
  "retrain_compute_proxy": 1.0,
  "retrain_drift_triggered_retrains": 0,
  "retrain_total_steps": 1978,
  "retrain_retrain_rate": 0.0005055611729019212
}