{
  "mae": 35.762988365800865,
  "rmse": 47.63597763475791,
  "smape": 80.38037343133772,
  "mape": 53.302939757020916,
  "error_mean": 35.762988365800865,
  "error_std": 31.46736449667731,
  "error_max": 126.21999999999998,
  "error_autocorr_lag1": 0.9992798166422703,
  "relative_error_mean": 0.5330293975702092,
  "compute_proxy": 1.0,
  "n_windows": 44,
  "n_predictions": 7392,
  "retrain_total_retrains": 1,
  "retrain_compute_proxy": 1.0,
  "retrain_drift_triggered_retrains": 0,
  "retrain_total_steps": 44,
  "retrain_retrain_rate": 0.022727272727272728
}