{
  "mae": 190.88500627533094,
  "rmse": 358.89602656107655,
  "smape": 9.292103094643519,
  "mape": 26.685748496793764,
  "error_mean": 190.88500627533094,
  "error_std": 303.9231354480863,
  "error_max": 5589.003233451024,
  "error_autocorr_lag1": 0.3948996250200766,
  "relative_error_mean": 0.26685748496793765,
  "compute_proxy": 494.0,
  "n_windows": 0,
  "n_predictions": 47472,
  "retrain_total_retrains": 494,
  "retrain_compute_proxy": 494.0,
  "retrain_drift_triggered_retrains": 494,
  "retrain_total_steps": 1978,
  "retrain_retrain_rate": 0.24974721941354905,
  "retrain_avg_hours_between_retrains": 105.01419878296146,
  "retrain_median_hours_between_retrains": 89.0
}