{
  "config": {
    "dataset": {
      "downsample_freq": "h",
      "name": "electricity",
      "sample_entities": 5
    },
    "drift": {
      "enabled": false
    },
    "metrics": [
      "mae",
      "rmse",
      "smape"
    ],
    "model": {
      "name": "seasonal_naive",
      "params": {
        "season_length": 24,
        "random_state": 46
      }
    },
    "output": {
      "results_dir": "results/electricity/no_retrain/seasonal_naive",
      "save_metrics": true,
      "save_predictions": false,
      "save_window_metrics": true
    },
    "retraining": {
      "enabled": true,
      "min_steps_between_retrain": 999999,
      "policy": "no_retraining"
    },
    "seed": 42,
    "simulation": {
      "forecast_horizon_hours": 24,
      "history_window_days": 30,
      "step_size_hours": 24
    }
  },
  "seeds": [
    42,
    43,
    44,
    45,
    46
  ],
  "n_successful": 5,
  "statistics": {
    "mae": {
      "mean": 2188.6955909943713,
      "std": 0.0,
      "min": 2188.6955909943713,
      "max": 2188.6955909943713,
      "values": [
        2188.6955909943713,
        2188.6955909943713,
        2188.6955909943713,
        2188.6955909943713,
        2188.6955909943713
      ]
    },
    "rmse": {
      "mean": 3577.312688876858,
      "std": 0.0,
      "min": 3577.312688876858,
      "max": 3577.312688876858,
      "values": [
        3577.312688876858,
        3577.312688876858,
        3577.312688876858,
        3577.312688876858,
        3577.312688876858
      ]
    },
    "smape": {
      "mean": 111.21698044653456,
      "std": 0.0,
      "min": 111.21698044653456,
      "max": 111.21698044653456,
      "values": [
        111.21698044653456,
        111.21698044653456,
        111.21698044653456,
        111.21698044653456,
        111.21698044653456
      ]
    },
    "total_retrains": {
      "mean": 1.0,
      "std": 0.0,
      "min": "1",
      "max": "1",
      "values": [
        1,
        1,
        1,
        1,
        1
      ]
    }
  },
  "timestamp": "2026-04-01T11:56:14.528950"
}