{
  "config": {
    "dataset": {
      "downsample_freq": "h",
      "name": "traffic",
      "sample_entities": 1
    },
    "drift": {
      "enabled": false
    },
    "metrics": [
      "mae",
      "rmse",
      "smape"
    ],
    "model": {
      "name": "rf",
      "params": {
        "max_depth": 8,
        "n_estimators": 50,
        "n_lags": 3,
        "random_state": 46
      }
    },
    "output": {
      "results_dir": "results/traffic/fixed_retrain/rf",
      "save_metrics": true,
      "save_predictions": false,
      "save_window_metrics": true
    },
    "retraining": {
      "enabled": true,
      "min_steps_between_retrain": 1,
      "policy": "fixed_schedule",
      "retrain_every_n_steps": 10
    },
    "seed": 42,
    "simulation": {
      "forecast_horizon_hours": 24,
      "history_window_days": 30,
      "step_size_hours": 24
    }
  },
  "seeds": [
    42,
    43,
    44,
    45,
    46
  ],
  "n_successful": 5,
  "statistics": {
    "mae": {
      "mean": 327.7256774105278,
      "std": 1.1690089154568248,
      "min": 326.62170323226314,
      "max": 329.5939031507044,
      "values": [
        329.5939031507044,
        328.0830131437748,
        327.14709165022686,
        326.62170323226314,
        327.1826758756696
      ]
    },
    "rmse": {
      "mean": 605.5597414336913,
      "std": 4.69331548865976,
      "min": 601.5595244216557,
      "max": 613.294453013376,
      "values": [
        613.294453013376,
        606.2134059331756,
        602.310651363929,
        601.5595244216557,
        604.42067243632
      ]
    },
    "smape": {
      "mean": 13.62525329410758,
      "std": 0.03923650566047194,
      "min": 13.596076102335845,
      "max": 13.688156585319245,
      "values": [
        13.688156585319245,
        13.639283273669381,
        13.598853442409226,
        13.596076102335845,
        13.60389706680421
      ]
    },
    "total_retrains": {
      "mean": 198.0,
      "std": 0.0,
      "min": "198",
      "max": "198",
      "values": [
        198,
        198,
        198,
        198,
        198
      ]
    }
  },
  "timestamp": "2026-04-01T13:02:32.554080"
}