{
  "mae": 18.73003382034632,
  "rmse": 26.29476538542954,
  "smape": 32.96353508201298,
  "mape": 36.71149257600385,
  "error_mean": 18.73003382034632,
  "error_std": 18.455365609043525,
  "error_max": 88.32000000000001,
  "error_autocorr_lag1": 0.9933780297510186,
  "relative_error_mean": 0.36711492576003846,
  "compute_proxy": 11.0,
  "n_windows": 0,
  "n_predictions": 7392,
  "retrain_total_retrains": 11,
  "retrain_compute_proxy": 11.0,
  "retrain_drift_triggered_retrains": 11,
  "retrain_total_steps": 44,
  "retrain_retrain_rate": 0.25,
  "retrain_avg_hours_between_retrains": 23234.4,
  "retrain_median_hours_between_retrains": 23244.0
}