{
  "config": {
    "dataset": {
      "downsample_freq": "w",
      "name": "brent",
      "sample_entities": 1
    },
    "drift": {
      "detector": "ks_test",
      "detector_params": {},
      "enabled": true,
      "on": "residual"
    },
    "metrics": [
      "mae",
      "rmse",
      "smape"
    ],
    "model": {
      "name": "seasonal_naive",
      "params": {
        "random_state": 46
      }
    },
    "output": {
      "results_dir": "results/brent/adaptive_retrain/seasonal_naive",
      "save_metrics": true,
      "save_predictions": false,
      "save_window_metrics": false
    },
    "retraining": {
      "consecutive_decay_rate": 0.5,
      "decay_consecutive": true,
      "drift_threshold": 0.5,
      "enabled": true,
      "min_steps_between_retrain": 3,
      "policy": "drift_triggered",
      "require_consecutive": 2
    },
    "seed": 42,
    "simulation": {
      "forecast_horizon_hours": 168,
      "history_window_days": 60,
      "step_size_hours": 168
    }
  },
  "seeds": [
    42,
    43,
    44,
    45,
    46
  ],
  "n_successful": 5,
  "statistics": {
    "mae": {
      "mean": 18.73003382034632,
      "std": 0.0,
      "min": 18.73003382034632,
      "max": 18.73003382034632,
      "values": [
        18.73003382034632,
        18.73003382034632,
        18.73003382034632,
        18.73003382034632,
        18.73003382034632
      ]
    },
    "rmse": {
      "mean": 26.294765385429535,
      "std": 3.972054645195637e-15,
      "min": 26.29476538542954,
      "max": 26.29476538542954,
      "values": [
        26.29476538542954,
        26.29476538542954,
        26.29476538542954,
        26.29476538542954,
        26.29476538542954
      ]
    },
    "smape": {
      "mean": 32.96353508201298,
      "std": 0.0,
      "min": 32.96353508201298,
      "max": 32.96353508201298,
      "values": [
        32.96353508201298,
        32.96353508201298,
        32.96353508201298,
        32.96353508201298,
        32.96353508201298
      ]
    },
    "total_retrains": {
      "mean": 11.0,
      "std": 0.0,
      "min": "11",
      "max": "11",
      "values": [
        11,
        11,
        11,
        11,
        11
      ]
    }
  },
  "timestamp": "2026-04-01T09:38:38.185193"
}