{
  "mae": 633.4851987237593,
  "rmse": 1160.6185901642189,
  "smape": 26.529281590230188,
  "mape": 30.37640188951204,
  "error_mean": 633.4851987237593,
  "error_std": 972.4875396799172,
  "error_max": 7506.770554286082,
  "error_autocorr_lag1": 0.9389975361056162,
  "relative_error_mean": 0.3037640188951204,
  "compute_proxy": 533.0,
  "n_windows": 5330,
  "n_predictions": 127920,
  "retrain_total_retrains": 533,
  "retrain_compute_proxy": 533.0,
  "retrain_drift_triggered_retrains": 43,
  "retrain_total_steps": 5330,
  "retrain_retrain_rate": 0.1,
  "retrain_avg_hours_between_retrains": 47.6390977443609,
  "retrain_median_hours_between_retrains": 240.0
}