{
  "config": {
    "dataset": {
      "downsample_freq": "w",
      "name": "brent",
      "sample_entities": 1
    },
    "drift": {
      "enabled": false
    },
    "metrics": [
      "mae",
      "rmse",
      "smape"
    ],
    "model": {
      "name": "naive",
      "params": {
        "random_state": 46
      }
    },
    "output": {
      "results_dir": "results/brent/fixed_retrain/naive",
      "save_metrics": true,
      "save_predictions": false,
      "save_window_metrics": true
    },
    "retraining": {
      "enabled": true,
      "min_steps_between_retrain": 1,
      "policy": "fixed_schedule",
      "retrain_every_n_steps": 10
    },
    "seed": 42,
    "simulation": {
      "forecast_horizon_hours": 168,
      "history_window_days": 60,
      "step_size_hours": 168
    }
  },
  "seeds": [
    42,
    43,
    44,
    45,
    46
  ],
  "n_successful": 5,
  "statistics": {
    "mae": {
      "mean": 22.763940746753246,
      "std": 0.0,
      "min": 22.763940746753246,
      "max": 22.763940746753246,
      "values": [
        22.763940746753246,
        22.763940746753246,
        22.763940746753246,
        22.763940746753246,
        22.763940746753246
      ]
    },
    "rmse": {
      "mean": 31.651655108657813,
      "std": 0.0,
      "min": 31.651655108657813,
      "max": 31.651655108657813,
      "values": [
        31.651655108657813,
        31.651655108657813,
        31.651655108657813,
        31.651655108657813,
        31.651655108657813
      ]
    },
    "smape": {
      "mean": 38.04016376823389,
      "std": 0.0,
      "min": 38.04016376823389,
      "max": 38.04016376823389,
      "values": [
        38.04016376823389,
        38.04016376823389,
        38.04016376823389,
        38.04016376823389,
        38.04016376823389
      ]
    },
    "total_retrains": {
      "mean": 5.0,
      "std": 0.0,
      "min": "5",
      "max": "5",
      "values": [
        5,
        5,
        5,
        5,
        5
      ]
    }
  },
  "timestamp": "2026-04-01T09:39:32.472988"
}