{
  "config": {
    "dataset": {
      "downsample_freq": "w",
      "name": "wti",
      "sample_entities": 1
    },
    "drift": {
      "enabled": false
    },
    "metrics": [
      "mae",
      "rmse",
      "smape"
    ],
    "model": {
      "name": "lstm",
      "params": {
        "epochs": 20,
        "hidden_size": 32,
        "num_layers": 2,
        "sequence_length": 24,
        "random_state": 46
      }
    },
    "output": {
      "results_dir": "results/wti/fixed_retrain/lstm",
      "save_metrics": true,
      "save_predictions": false,
      "save_window_metrics": true
    },
    "retraining": {
      "enabled": true,
      "min_steps_between_retrain": 1,
      "policy": "fixed_schedule",
      "retrain_every_n_steps": 10
    },
    "seed": 42,
    "simulation": {
      "forecast_horizon_hours": 168,
      "history_window_days": 60,
      "step_size_hours": 168
    }
  },
  "seeds": [
    42,
    43,
    44,
    45,
    46
  ],
  "n_successful": 5,
  "statistics": {
    "mae": {
      "mean": 36.448740845754784,
      "std": 0.6757190855617338,
      "min": 35.42108552811537,
      "max": 37.171296923968455,
      "values": [
        36.9256609909903,
        36.30802001260426,
        35.42108552811537,
        37.171296923968455,
        36.41764077309553
      ]
    },
    "rmse": {
      "mean": 49.65679530238158,
      "std": 1.4936549524563096,
      "min": 48.16674205015206,
      "max": 51.60534629271863,
      "values": [
        50.73378215199046,
        49.422041600229626,
        48.356064416817134,
        51.60534629271863,
        48.16674205015206
      ]
    },
    "smape": {
      "mean": 55.204801015933825,
      "std": 0.6561691994525662,
      "min": 54.20808149581612,
      "max": 56.0364038769141,
      "values": [
        55.245744830253265,
        55.14891899035671,
        54.20808149581612,
        55.38485588632896,
        56.0364038769141
      ]
    },
    "total_retrains": {
      "mean": 5.0,
      "std": 0.0,
      "min": "5",
      "max": "5",
      "values": [
        5,
        5,
        5,
        5,
        5
      ]
    }
  },
  "timestamp": "2026-04-01T13:16:48.689135"
}