{
  "config": {
    "dataset": {
      "downsample_freq": "w",
      "name": "brent",
      "sample_entities": 1
    },
    "drift": {
      "enabled": false
    },
    "metrics": [
      "mae",
      "rmse",
      "smape"
    ],
    "model": {
      "name": "lgbm",
      "params": {
        "learning_rate": 0.1,
        "max_depth": 5,
        "n_estimators": 50,
        "n_lags": 3,
        "random_state": 46
      }
    },
    "output": {
      "results_dir": "results/brent/fixed_retrain/lgbm",
      "save_metrics": true,
      "save_predictions": false,
      "save_window_metrics": true
    },
    "retraining": {
      "enabled": true,
      "min_steps_between_retrain": 1,
      "policy": "fixed_schedule",
      "retrain_every_n_steps": 10
    },
    "seed": 42,
    "simulation": {
      "forecast_horizon_hours": 168,
      "history_window_days": 60,
      "step_size_hours": 168
    }
  },
  "seeds": [
    42,
    43,
    44,
    45,
    46
  ],
  "n_successful": 5,
  "statistics": {
    "mae": {
      "mean": 8.819921970571977,
      "std": 0.0,
      "min": 8.819921970571977,
      "max": 8.819921970571977,
      "values": [
        8.819921970571977,
        8.819921970571977,
        8.819921970571977,
        8.819921970571977,
        8.819921970571977
      ]
    },
    "rmse": {
      "mean": 18.08819891654237,
      "std": 0.0,
      "min": 18.08819891654237,
      "max": 18.08819891654237,
      "values": [
        18.08819891654237,
        18.08819891654237,
        18.08819891654237,
        18.08819891654237,
        18.08819891654237
      ]
    },
    "smape": {
      "mean": 15.307653747198634,
      "std": 1.9860273225978185e-15,
      "min": 15.307653747198636,
      "max": 15.307653747198636,
      "values": [
        15.307653747198636,
        15.307653747198636,
        15.307653747198636,
        15.307653747198636,
        15.307653747198636
      ]
    },
    "total_retrains": {
      "mean": 5.0,
      "std": 0.0,
      "min": "5",
      "max": "5",
      "values": [
        5,
        5,
        5,
        5,
        5
      ]
    }
  },
  "timestamp": "2026-04-01T09:38:46.543462"
}