{
  "config": {
    "dataset": {
      "downsample_freq": "h",
      "name": "traffic",
      "sample_entities": 1
    },
    "drift": {
      "enabled": false
    },
    "metrics": [
      "mae",
      "rmse",
      "smape"
    ],
    "model": {
      "name": "tsmixer",
      "params": {
        "epochs": 20,
        "hidden_size": 32,
        "input_len": 24,
        "n_layers": 2,
        "random_state": 46
      }
    },
    "output": {
      "results_dir": "results/traffic/no_retrain/tsmixer",
      "save_metrics": true,
      "save_predictions": false,
      "save_window_metrics": true
    },
    "retraining": {
      "enabled": true,
      "min_steps_between_retrain": 999999,
      "policy": "no_retraining"
    },
    "seed": 42,
    "simulation": {
      "forecast_horizon_hours": 24,
      "history_window_days": 30,
      "step_size_hours": 24
    }
  },
  "seeds": [
    42,
    43,
    44,
    45,
    46
  ],
  "n_successful": 5,
  "statistics": {
    "mae": {
      "mean": 852.3067139037579,
      "std": 0.0,
      "min": 852.3067139037579,
      "max": 852.3067139037579,
      "values": [
        852.3067139037579,
        852.3067139037579,
        852.3067139037579,
        852.3067139037579,
        852.3067139037579
      ]
    },
    "rmse": {
      "mean": 1068.911634506323,
      "std": 0.0,
      "min": 1068.911634506323,
      "max": 1068.911634506323,
      "values": [
        1068.911634506323,
        1068.911634506323,
        1068.911634506323,
        1068.911634506323,
        1068.911634506323
      ]
    },
    "smape": {
      "mean": 37.881039650433166,
      "std": 0.0,
      "min": 37.881039650433166,
      "max": 37.881039650433166,
      "values": [
        37.881039650433166,
        37.881039650433166,
        37.881039650433166,
        37.881039650433166,
        37.881039650433166
      ]
    },
    "total_retrains": {
      "mean": 1.0,
      "std": 0.0,
      "min": "1",
      "max": "1",
      "values": [
        1,
        1,
        1,
        1,
        1
      ]
    }
  },
  "timestamp": "2026-04-01T13:14:05.152512"
}