{
  "mae": 1422.7389218982357,
  "rmse": 1962.3281142050548,
  "smape": 68.67395920067608,
  "mape": 143.3860292259228,
  "error_mean": 1422.7389218982357,
  "error_std": 1351.497535297572,
  "error_max": 8275.49180742249,
  "error_autocorr_lag1": 0.7719454431447186,
  "relative_error_mean": 1.433860292259228,
  "compute_proxy": 343.0,
  "n_windows": 0,
  "n_predictions": 47472,
  "retrain_total_retrains": 343,
  "retrain_compute_proxy": 343.0,
  "retrain_drift_triggered_retrains": 343,
  "retrain_total_steps": 1978,
  "retrain_retrain_rate": 0.17340748230535896,
  "retrain_avg_hours_between_retrains": 151.10233918128654,
  "retrain_median_hours_between_retrains": 87.0
}