{
  "mae": 2625.6466307245287,
  "rmse": 3231.540204863722,
  "smape": 71.00592486280343,
  "mape": 529.2003657008568,
  "error_mean": 2625.6466307245287,
  "error_std": 1883.8343521168727,
  "error_max": 7413.942091218378,
  "error_autocorr_lag1": 0.917922169455669,
  "relative_error_mean": 5.292003657008568,
  "compute_proxy": 198.0,
  "n_windows": 1978,
  "n_predictions": 47472,
  "retrain_total_retrains": 198,
  "retrain_compute_proxy": 198.0,
  "retrain_drift_triggered_retrains": 0,
  "retrain_total_steps": 1978,
  "retrain_retrain_rate": 0.10010111223458039,
  "retrain_avg_hours_between_retrains": 262.61928934010155,
  "retrain_median_hours_between_retrains": 216.0
}