{
  "mae": 4.177228985508763,
  "rmse": 10.562310595651276,
  "smape": 7.829764259576459,
  "mape": 7.075734721637887,
  "error_mean": 4.177228985508763,
  "error_std": 9.701193901867576,
  "error_max": 107.94450000000005,
  "error_autocorr_lag1": 0.9498408677312722,
  "relative_error_mean": 0.07075734721637887,
  "compute_proxy": 11.0,
  "n_windows": 0,
  "n_predictions": 7392,
  "retrain_total_retrains": 11,
  "retrain_compute_proxy": 11.0,
  "retrain_drift_triggered_retrains": 11,
  "retrain_total_steps": 44,
  "retrain_retrain_rate": 0.25,
  "retrain_avg_hours_between_retrains": 23460.0,
  "retrain_median_hours_between_retrains": 23460.0
}