{
  "mae": 7.273497955749798,
  "rmse": 15.9510959131596,
  "smape": 12.728561458033452,
  "mape": 10.563480624620334,
  "error_mean": 7.273497955749798,
  "error_std": 14.196256137394831,
  "error_max": 79.86792155175273,
  "error_autocorr_lag1": 0.9884652597838818,
  "relative_error_mean": 0.10563480624620335,
  "compute_proxy": 5.0,
  "n_windows": 44,
  "n_predictions": 7392,
  "retrain_total_retrains": 5,
  "retrain_compute_proxy": 5.0,
  "retrain_drift_triggered_retrains": 0,
  "retrain_total_steps": 44,
  "retrain_retrain_rate": 0.11363636363636363,
  "retrain_avg_hours_between_retrains": 58122.0,
  "retrain_median_hours_between_retrains": 58212.0
}