{
  "config": {
    "dataset": {
      "downsample_freq": "w",
      "name": "wti",
      "sample_entities": 1
    },
    "drift": {
      "enabled": false
    },
    "metrics": [
      "mae",
      "rmse",
      "smape"
    ],
    "model": {
      "name": "naive",
      "params": {
        "random_state": 46
      }
    },
    "output": {
      "results_dir": "results/wti/no_retrain/naive",
      "save_metrics": true,
      "save_predictions": false,
      "save_window_metrics": true
    },
    "retraining": {
      "enabled": true,
      "min_steps_between_retrain": 999999,
      "policy": "no_retraining"
    },
    "seed": 42,
    "simulation": {
      "forecast_horizon_hours": 168,
      "history_window_days": 60,
      "step_size_hours": 168
    }
  },
  "seeds": [
    42,
    43,
    44,
    45,
    46
  ],
  "n_successful": 5,
  "statistics": {
    "mae": {
      "mean": 32.73554924242424,
      "std": 0.0,
      "min": 32.73554924242424,
      "max": 32.73554924242424,
      "values": [
        32.73554924242424,
        32.73554924242424,
        32.73554924242424,
        32.73554924242424,
        32.73554924242424
      ]
    },
    "rmse": {
      "mean": 43.21105904615962,
      "std": 0.0,
      "min": 43.21105904615962,
      "max": 43.21105904615962,
      "values": [
        43.21105904615962,
        43.21105904615962,
        43.21105904615962,
        43.21105904615962,
        43.21105904615962
      ]
    },
    "smape": {
      "mean": 73.96436461008776,
      "std": 0.0,
      "min": 73.96436461008776,
      "max": 73.96436461008776,
      "values": [
        73.96436461008776,
        73.96436461008776,
        73.96436461008776,
        73.96436461008776,
        73.96436461008776
      ]
    },
    "total_retrains": {
      "mean": 1.0,
      "std": 0.0,
      "min": "1",
      "max": "1",
      "values": [
        1,
        1,
        1,
        1,
        1
      ]
    }
  },
  "timestamp": "2026-04-01T13:17:25.403495"
}