{
  "config": {
    "dataset": {
      "downsample_freq": "h",
      "name": "traffic",
      "sample_entities": 1
    },
    "drift": {
      "detector": "ks_test",
      "enabled": true,
      "on": "residual"
    },
    "metrics": [
      "mae",
      "rmse",
      "smape"
    ],
    "model": {
      "name": "lgbm",
      "params": {
        "random_state": 46
      }
    },
    "output": {
      "results_dir": "results/traffic/adaptive_retrain/lgbm",
      "save_metrics": true,
      "save_predictions": false,
      "save_window_metrics": false
    },
    "retraining": {
      "consecutive_decay_rate": 0.5,
      "decay_consecutive": true,
      "drift_threshold": 0.5,
      "enabled": true,
      "min_steps_between_retrain": 3,
      "policy": "drift_triggered",
      "require_consecutive": 2
    },
    "seed": 42,
    "simulation": {
      "forecast_horizon_hours": 24,
      "history_window_days": 30,
      "step_size_hours": 24
    }
  },
  "seeds": [
    42,
    43,
    44,
    45,
    46
  ],
  "n_successful": 5,
  "statistics": {
    "mae": {
      "mean": 190.88500627533094,
      "std": 0.0,
      "min": 190.88500627533094,
      "max": 190.88500627533094,
      "values": [
        190.88500627533094,
        190.88500627533094,
        190.88500627533094,
        190.88500627533094,
        190.88500627533094
      ]
    },
    "rmse": {
      "mean": 358.89602656107655,
      "std": 0.0,
      "min": 358.89602656107655,
      "max": 358.89602656107655,
      "values": [
        358.89602656107655,
        358.89602656107655,
        358.89602656107655,
        358.89602656107655,
        358.89602656107655
      ]
    },
    "smape": {
      "mean": 9.292103094643519,
      "std": 0.0,
      "min": 9.292103094643519,
      "max": 9.292103094643519,
      "values": [
        9.292103094643519,
        9.292103094643519,
        9.292103094643519,
        9.292103094643519,
        9.292103094643519
      ]
    },
    "total_retrains": {
      "mean": 494.0,
      "std": 0.0,
      "min": "494",
      "max": "494",
      "values": [
        494,
        494,
        494,
        494,
        494
      ]
    }
  },
  "timestamp": "2026-04-01T12:05:16.609119"
}