{
  "mae": 212.70753324287563,
  "rmse": 385.7975434998868,
  "smape": 9.786707692998489,
  "mape": 40.63297406492724,
  "error_mean": 212.70753324287563,
  "error_std": 321.8621597396593,
  "error_max": 4995.217703829231,
  "error_autocorr_lag1": 0.45435548654009095,
  "relative_error_mean": 0.4063297406492724,
  "compute_proxy": 1.0,
  "n_windows": 1978,
  "n_predictions": 47472,
  "retrain_total_retrains": 1,
  "retrain_compute_proxy": 1.0,
  "retrain_drift_triggered_retrains": 0,
  "retrain_total_steps": 1978,
  "retrain_retrain_rate": 0.0005055611729019212
}