{
  "mae": 17.422862554112555,
  "rmse": 24.515968928324835,
  "smape": 31.53500959826887,
  "mape": 34.4138148735335,
  "error_mean": 17.422862554112555,
  "error_std": 17.24750975982015,
  "error_max": 91.07,
  "error_autocorr_lag1": 0.9948713094577019,
  "relative_error_mean": 0.344138148735335,
  "compute_proxy": 5.0,
  "n_windows": 44,
  "n_predictions": 7392,
  "retrain_total_retrains": 5,
  "retrain_compute_proxy": 5.0,
  "retrain_drift_triggered_retrains": 0,
  "retrain_total_steps": 44,
  "retrain_retrain_rate": 0.11363636363636363,
  "retrain_avg_hours_between_retrains": 58632.0,
  "retrain_median_hours_between_retrains": 58560.0
}