{
  "mae": 1.3688830729457937,
  "rmse": 2.7672189563069858,
  "smape": 3.16783639380746,
  "mape": 3.2038651425978983,
  "error_mean": 1.3688830729457937,
  "error_std": 2.404924091265087,
  "error_max": 62.578404098077286,
  "error_autocorr_lag1": 0.17237381534175297,
  "relative_error_mean": 0.03203865142597898,
  "compute_proxy": 5.0,
  "n_windows": 44,
  "n_predictions": 7392,
  "retrain_total_retrains": 5,
  "retrain_compute_proxy": 5.0,
  "retrain_drift_triggered_retrains": 1,
  "retrain_total_steps": 44,
  "retrain_retrain_rate": 0.11363636363636363,
  "retrain_avg_hours_between_retrains": 58632.0,
  "retrain_median_hours_between_retrains": 58560.0
}