{
  "mae": 1.8721115159755883,
  "rmse": 4.087839281848254,
  "smape": 4.08414738781624,
  "mape": 3.889515227551235,
  "error_mean": 1.8721115159755883,
  "error_std": 3.633954934499495,
  "error_max": 112.71661265513696,
  "error_autocorr_lag1": 0.1912381194869951,
  "relative_error_mean": 0.03889515227551235,
  "compute_proxy": 1.0,
  "n_windows": 44,
  "n_predictions": 7392,
  "retrain_total_retrains": 1,
  "retrain_compute_proxy": 1.0,
  "retrain_drift_triggered_retrains": 1,
  "retrain_total_steps": 44,
  "retrain_retrain_rate": 0.022727272727272728
}