{
  "mae": 210.42232841483303,
  "rmse": 458.53630194502387,
  "smape": 16.500665734918975,
  "mape": 13.81189087665475,
  "error_mean": 210.42232841483303,
  "error_std": 407.40395666451036,
  "error_max": 7188.650989800496,
  "error_autocorr_lag1": 0.77978134200557,
  "relative_error_mean": 0.1381189087665475,
  "compute_proxy": 519.0,
  "n_windows": 0,
  "n_predictions": 127920,
  "retrain_total_retrains": 519,
  "retrain_compute_proxy": 519.0,
  "retrain_drift_triggered_retrains": 519,
  "retrain_total_steps": 5330,
  "retrain_retrain_rate": 0.09737335834896811,
  "retrain_avg_hours_between_retrains": 34.19305019305019,
  "retrain_median_hours_between_retrains": 96.0
}