{
  "mae": 16.75738906926407,
  "rmse": 23.221584702683323,
  "smape": 31.32512709175397,
  "mape": 33.55452229627095,
  "error_mean": 16.75738906926407,
  "error_std": 16.075817481086464,
  "error_max": 94.9,
  "error_autocorr_lag1": 0.9900974970002123,
  "relative_error_mean": 0.33554522296270956,
  "compute_proxy": 5.0,
  "n_windows": 44,
  "n_predictions": 7392,
  "retrain_total_retrains": 5,
  "retrain_compute_proxy": 5.0,
  "retrain_drift_triggered_retrains": 0,
  "retrain_total_steps": 44,
  "retrain_retrain_rate": 0.11363636363636363,
  "retrain_avg_hours_between_retrains": 58632.0,
  "retrain_median_hours_between_retrains": 58560.0
}