{
  "config": {
    "dataset": {
      "downsample_freq": "w",
      "name": "brent",
      "sample_entities": 1
    },
    "drift": {
      "enabled": false
    },
    "metrics": [
      "mae",
      "rmse",
      "smape"
    ],
    "model": {
      "name": "lstm",
      "params": {
        "epochs": 20,
        "hidden_size": 32,
        "num_layers": 2,
        "sequence_length": 24,
        "random_state": 46
      }
    },
    "output": {
      "results_dir": "results/brent/no_retrain/lstm",
      "save_metrics": true,
      "save_predictions": false,
      "save_window_metrics": true
    },
    "retraining": {
      "enabled": true,
      "min_steps_between_retrain": 999999,
      "policy": "no_retraining"
    },
    "seed": 42,
    "simulation": {
      "forecast_horizon_hours": 168,
      "history_window_days": 60,
      "step_size_hours": 168
    }
  },
  "seeds": [
    42,
    43,
    44,
    45,
    46
  ],
  "n_successful": 5,
  "statistics": {
    "mae": {
      "mean": 27.886673371270348,
      "std": 0.09161227551974573,
      "min": 27.767529559720117,
      "max": 27.986727658511327,
      "values": [
        27.81549314584543,
        27.986727658511327,
        27.767529559720117,
        27.921220764672793,
        27.94239572760208
      ]
    },
    "rmse": {
      "mean": 34.36468911630054,
      "std": 0.2694020185913939,
      "min": 34.20495415130824,
      "max": 34.842108912164434,
      "values": [
        34.30257071441694,
        34.842108912164434,
        34.20495415130824,
        34.2236946510094,
        34.25011715260369
      ]
    },
    "smape": {
      "mean": 57.47465622429708,
      "std": 0.23185161560140524,
      "min": 57.21361051702729,
      "max": 57.82108929878855,
      "values": [
        57.31999506633698,
        57.82108929878855,
        57.21361051702729,
        57.492854637085166,
        57.525731602247376
      ]
    },
    "total_retrains": {
      "mean": 1.0,
      "std": 0.0,
      "min": "1",
      "max": "1",
      "values": [
        1,
        1,
        1,
        1,
        1
      ]
    }
  },
  "timestamp": "2026-04-01T09:40:08.879521"
}