{
  "mae": 872.2705115114737,
  "rmse": 1439.925810698109,
  "smape": 42.30410408147199,
  "mape": 41.176229415105055,
  "error_mean": 872.2705115114737,
  "error_std": 1145.65723279789,
  "error_max": 8209.629678531062,
  "error_autocorr_lag1": 0.8168825103726276,
  "relative_error_mean": 0.4117622941510506,
  "compute_proxy": 1.0,
  "n_windows": 5330,
  "n_predictions": 127920,
  "retrain_total_retrains": 1,
  "retrain_compute_proxy": 1.0,
  "retrain_drift_triggered_retrains": 0,
  "retrain_total_steps": 5330,
  "retrain_retrain_rate": 0.0001876172607879925
}