{
  "mae": 38.667792667244726,
  "rmse": 50.54327124634999,
  "smape": 57.52150218292934,
  "mape": 93.08078700458033,
  "error_mean": 38.667792667244726,
  "error_std": 32.548795346757224,
  "error_max": 129.49939986463818,
  "error_autocorr_lag1": 0.9991303769778231,
  "relative_error_mean": 0.9308078700458033,
  "compute_proxy": 5.0,
  "n_windows": 44,
  "n_predictions": 7392,
  "retrain_total_retrains": 5,
  "retrain_compute_proxy": 5.0,
  "retrain_drift_triggered_retrains": 0,
  "retrain_total_steps": 44,
  "retrain_retrain_rate": 0.11363636363636363,
  "retrain_avg_hours_between_retrains": 58122.0,
  "retrain_median_hours_between_retrains": 58212.0
}