{
  "config": {
    "dataset": {
      "downsample_freq": "h",
      "name": "electricity",
      "sample_entities": 5
    },
    "drift": {
      "enabled": false
    },
    "metrics": [
      "mae",
      "rmse",
      "smape"
    ],
    "model": {
      "name": "lstm",
      "params": {
        "epochs": 20,
        "hidden_size": 32,
        "num_layers": 2,
        "sequence_length": 24,
        "random_state": 46
      }
    },
    "output": {
      "results_dir": "results/electricity/no_retrain/lstm",
      "save_metrics": true,
      "save_predictions": false,
      "save_window_metrics": true
    },
    "retraining": {
      "enabled": true,
      "min_steps_between_retrain": 999999,
      "policy": "no_retraining"
    },
    "seed": 42,
    "simulation": {
      "forecast_horizon_hours": 24,
      "history_window_days": 30,
      "step_size_hours": 24
    }
  },
  "seeds": [
    42,
    43,
    44,
    45,
    46
  ],
  "n_successful": 5,
  "statistics": {
    "mae": {
      "mean": 2214.875566966984,
      "std": 42.83267926994419,
      "min": 2157.5253024148865,
      "max": 2276.14515223921,
      "values": [
        2227.1354432345224,
        2209.4646767871827,
        2204.107260159121,
        2276.14515223921,
        2157.5253024148865
      ]
    },
    "rmse": {
      "mean": 2885.320464219765,
      "std": 63.9677237388847,
      "min": 2812.7427712377553,
      "max": 2974.490746997563,
      "values": [
        2974.490746997563,
        2864.8641809714586,
        2850.355872878161,
        2812.7427712377553,
        2924.1487490138875
      ]
    },
    "smape": {
      "mean": 105.83082658032227,
      "std": 1.3880472593605144,
      "min": 104.71347299193371,
      "max": 108.25000232562894,
      "values": [
        108.25000232562894,
        105.51718840851653,
        105.2387862552686,
        104.71347299193371,
        105.4346829202635
      ]
    },
    "total_retrains": {
      "mean": 1.0,
      "std": 0.0,
      "min": "1",
      "max": "1",
      "values": [
        1,
        1,
        1,
        1,
        1
      ]
    }
  },
  "timestamp": "2026-04-01T11:46:49.234866"
}