{
  "mae": 4.000780767988215,
  "rmse": 10.675721321715496,
  "smape": 7.329472667074683,
  "mape": 6.510248789334685,
  "error_mean": 4.000780767988215,
  "error_std": 9.897715846872272,
  "error_max": 86.35775950815028,
  "error_autocorr_lag1": 0.9873696570006094,
  "relative_error_mean": 0.06510248789334686,
  "compute_proxy": 11.0,
  "n_windows": 0,
  "n_predictions": 7392,
  "retrain_total_retrains": 11,
  "retrain_compute_proxy": 11.0,
  "retrain_drift_triggered_retrains": 11,
  "retrain_total_steps": 44,
  "retrain_retrain_rate": 0.25,
  "retrain_avg_hours_between_retrains": 23234.4,
  "retrain_median_hours_between_retrains": 23244.0
}