dataset,adaptive_retrain,fixed_retrain,no_retrain,results
..,,,,1460.265447978496
brent,14.593863242854134,15.92153167376516,23.71240526874465,
electricity,558.6227206007305,483.3118449383365,1793.2646680577284,
traffic,1751.2695780372512,1389.723097521208,1265.5938765786668,
wti,13.527442934895012,13.732110858837354,21.856780460522817,
