{
  "config": {
    "dataset": {
      "downsample_freq": "w",
      "name": "brent",
      "sample_entities": 1
    },
    "drift": {
      "detector": "ks_test",
      "detector_params": {},
      "enabled": true,
      "on": "residual"
    },
    "metrics": [
      "mae",
      "rmse",
      "smape"
    ],
    "model": {
      "name": "lgbm",
      "params": {
        "random_state": 46
      }
    },
    "output": {
      "results_dir": "results/brent/adaptive_retrain/lgbm",
      "save_metrics": true,
      "save_predictions": false,
      "save_window_metrics": false
    },
    "retraining": {
      "consecutive_decay_rate": 0.5,
      "decay_consecutive": true,
      "drift_threshold": 0.5,
      "enabled": true,
      "min_steps_between_retrain": 3,
      "policy": "drift_triggered",
      "require_consecutive": 2
    },
    "seed": 42,
    "simulation": {
      "forecast_horizon_hours": 168,
      "history_window_days": 60,
      "step_size_hours": 168
    }
  },
  "seeds": [
    42,
    43,
    44,
    45,
    46
  ],
  "n_successful": 5,
  "statistics": {
    "mae": {
      "mean": 4.000780767988215,
      "std": 0.0,
      "min": 4.000780767988215,
      "max": 4.000780767988215,
      "values": [
        4.000780767988215,
        4.000780767988215,
        4.000780767988215,
        4.000780767988215,
        4.000780767988215
      ]
    },
    "rmse": {
      "mean": 10.675721321715496,
      "std": 0.0,
      "min": 10.675721321715496,
      "max": 10.675721321715496,
      "values": [
        10.675721321715496,
        10.675721321715496,
        10.675721321715496,
        10.675721321715496,
        10.675721321715496
      ]
    },
    "smape": {
      "mean": 7.329472667074683,
      "std": 0.0,
      "min": 7.329472667074683,
      "max": 7.329472667074683,
      "values": [
        7.329472667074683,
        7.329472667074683,
        7.329472667074683,
        7.329472667074683,
        7.329472667074683
      ]
    },
    "total_retrains": {
      "mean": 11.0,
      "std": 0.0,
      "min": "11",
      "max": "11",
      "values": [
        11,
        11,
        11,
        11,
        11
      ]
    }
  },
  "timestamp": "2026-04-01T09:36:47.036080"
}