{
  "config": {
    "dataset": {
      "downsample_freq": "w",
      "name": "wti",
      "sample_entities": 1
    },
    "drift": {
      "enabled": false
    },
    "metrics": [
      "mae",
      "rmse",
      "smape"
    ],
    "model": {
      "name": "seasonal_naive",
      "params": {
        "season_length": 24,
        "random_state": 46
      }
    },
    "output": {
      "results_dir": "results/wti/fixed_retrain/seasonal_naive",
      "save_metrics": true,
      "save_predictions": false,
      "save_window_metrics": true
    },
    "retraining": {
      "enabled": true,
      "min_steps_between_retrain": 1,
      "policy": "fixed_schedule",
      "retrain_every_n_steps": 10
    },
    "seed": 42,
    "simulation": {
      "forecast_horizon_hours": 168,
      "history_window_days": 60,
      "step_size_hours": 168
    }
  },
  "seeds": [
    42,
    43,
    44,
    45,
    46
  ],
  "n_successful": 5,
  "statistics": {
    "mae": {
      "mean": 18.854096320346322,
      "std": 0.0,
      "min": 18.854096320346322,
      "max": 18.854096320346322,
      "values": [
        18.854096320346322,
        18.854096320346322,
        18.854096320346322,
        18.854096320346322,
        18.854096320346322
      ]
    },
    "rmse": {
      "mean": 25.4541678573377,
      "std": 0.0,
      "min": 25.4541678573377,
      "max": 25.4541678573377,
      "values": [
        25.4541678573377,
        25.4541678573377,
        25.4541678573377,
        25.4541678573377,
        25.4541678573377
      ]
    },
    "smape": {
      "mean": 35.0265071452322,
      "std": 0.0,
      "min": 35.0265071452322,
      "max": 35.0265071452322,
      "values": [
        35.0265071452322,
        35.0265071452322,
        35.0265071452322,
        35.0265071452322,
        35.0265071452322
      ]
    },
    "total_retrains": {
      "mean": 5.0,
      "std": 0.0,
      "min": "5",
      "max": "5",
      "values": [
        5,
        5,
        5,
        5,
        5
      ]
    }
  },
  "timestamp": "2026-04-01T13:16:55.394630"
}