{
  "mae": 32.73554924242424,
  "rmse": 43.21105904615962,
  "smape": 73.96436461008776,
  "mape": 50.36026940946703,
  "error_mean": 32.73554924242424,
  "error_std": 28.20601779208668,
  "error_max": 125.54,
  "error_autocorr_lag1": 0.9984446992691853,
  "relative_error_mean": 0.5036026940946703,
  "compute_proxy": 1.0,
  "n_windows": 44,
  "n_predictions": 7392,
  "retrain_total_retrains": 1,
  "retrain_compute_proxy": 1.0,
  "retrain_drift_triggered_retrains": 0,
  "retrain_total_steps": 44,
  "retrain_retrain_rate": 0.022727272727272728
}