{
  "config": {
    "dataset": {
      "downsample_freq": "w",
      "name": "brent",
      "sample_entities": 1
    },
    "drift": {
      "enabled": false
    },
    "metrics": [
      "mae",
      "rmse",
      "smape"
    ],
    "model": {
      "name": "seasonal_naive",
      "params": {
        "season_length": 24,
        "random_state": 46
      }
    },
    "output": {
      "results_dir": "results/brent/no_retrain/seasonal_naive",
      "save_metrics": true,
      "save_predictions": false,
      "save_window_metrics": true
    },
    "retraining": {
      "enabled": true,
      "min_steps_between_retrain": 999999,
      "policy": "no_retraining"
    },
    "seed": 42,
    "simulation": {
      "forecast_horizon_hours": 168,
      "history_window_days": 60,
      "step_size_hours": 168
    }
  },
  "seeds": [
    42,
    43,
    44,
    45,
    46
  ],
  "n_successful": 5,
  "statistics": {
    "mae": {
      "mean": 35.4322876082251,
      "std": 0.0,
      "min": 35.4322876082251,
      "max": 35.4322876082251,
      "values": [
        35.4322876082251,
        35.4322876082251,
        35.4322876082251,
        35.4322876082251,
        35.4322876082251
      ]
    },
    "rmse": {
      "mean": 47.28833692098619,
      "std": 0.0,
      "min": 47.28833692098619,
      "max": 47.28833692098619,
      "values": [
        47.28833692098619,
        47.28833692098619,
        47.28833692098619,
        47.28833692098619,
        47.28833692098619
      ]
    },
    "smape": {
      "mean": 79.1122190213927,
      "std": 0.0,
      "min": 79.1122190213927,
      "max": 79.1122190213927,
      "values": [
        79.1122190213927,
        79.1122190213927,
        79.1122190213927,
        79.1122190213927,
        79.1122190213927
      ]
    },
    "total_retrains": {
      "mean": 1.0,
      "std": 0.0,
      "min": "1",
      "max": "1",
      "values": [
        1,
        1,
        1,
        1,
        1
      ]
    }
  },
  "timestamp": "2026-04-01T09:40:13.926454"
}