{
  "config": {
    "dataset": {
      "downsample_freq": "w",
      "name": "wti",
      "sample_entities": 1
    },
    "drift": {
      "detector": "ks_test",
      "detector_params": {},
      "enabled": true,
      "on": "residual"
    },
    "metrics": [
      "mae",
      "rmse",
      "smape"
    ],
    "model": {
      "name": "tsmixer",
      "params": {
        "random_state": 46
      }
    },
    "output": {
      "results_dir": "results/wti/adaptive_retrain/tsmixer",
      "save_metrics": true,
      "save_predictions": false,
      "save_window_metrics": false
    },
    "retraining": {
      "consecutive_decay_rate": 0.5,
      "decay_consecutive": true,
      "drift_threshold": 0.5,
      "enabled": true,
      "min_steps_between_retrain": 3,
      "policy": "drift_triggered",
      "require_consecutive": 2
    },
    "seed": 42,
    "simulation": {
      "forecast_horizon_hours": 168,
      "history_window_days": 60,
      "step_size_hours": 168
    }
  },
  "seeds": [
    42,
    43,
    44,
    45,
    46
  ],
  "n_successful": 5,
  "statistics": {
    "mae": {
      "mean": 1.387586871202421,
      "std": 0.0,
      "min": 1.387586871202421,
      "max": 1.387586871202421,
      "values": [
        1.387586871202421,
        1.387586871202421,
        1.387586871202421,
        1.387586871202421,
        1.387586871202421
      ]
    },
    "rmse": {
      "mean": 2.935033185499915,
      "std": 0.0,
      "min": 2.935033185499915,
      "max": 2.935033185499915,
      "values": [
        2.935033185499915,
        2.935033185499915,
        2.935033185499915,
        2.935033185499915,
        2.935033185499915
      ]
    },
    "smape": {
      "mean": 3.272990267575119,
      "std": 0.0,
      "min": 3.272990267575119,
      "max": 3.272990267575119,
      "values": [
        3.272990267575119,
        3.272990267575119,
        3.272990267575119,
        3.272990267575119,
        3.272990267575119
      ]
    },
    "total_retrains": {
      "mean": 11.0,
      "std": 0.0,
      "min": "11",
      "max": "11",
      "values": [
        11,
        11,
        11,
        11,
        11
      ]
    }
  },
  "timestamp": "2026-04-01T13:16:01.896716"
}