{
  "mae": 19.89330221861472,
  "rmse": 29.207267682621517,
  "smape": 33.33417363614032,
  "mape": 37.797019896795454,
  "error_mean": 19.89330221861472,
  "error_std": 21.385065169953684,
  "error_max": 84.83,
  "error_autocorr_lag1": 0.9975868793559255,
  "relative_error_mean": 0.37797019896795453,
  "compute_proxy": 5.0,
  "n_windows": 44,
  "n_predictions": 7392,
  "retrain_total_retrains": 5,
  "retrain_compute_proxy": 5.0,
  "retrain_drift_triggered_retrains": 0,
  "retrain_total_steps": 44,
  "retrain_retrain_rate": 0.11363636363636363,
  "retrain_avg_hours_between_retrains": 58122.0,
  "retrain_median_hours_between_retrains": 58212.0
}