{
  "mae": 1.8138087926330175,
  "rmse": 4.256400290166738,
  "smape": 3.7916789049038018,
  "mape": 3.5663732564257575,
  "error_mean": 1.8138087926330175,
  "error_std": 3.8505897072914226,
  "error_max": 106.36683297931022,
  "error_autocorr_lag1": 0.10260964735777175,
  "relative_error_mean": 0.035663732564257575,
  "compute_proxy": 1.0,
  "n_windows": 44,
  "n_predictions": 7392,
  "retrain_total_retrains": 1,
  "retrain_compute_proxy": 1.0,
  "retrain_drift_triggered_retrains": 1,
  "retrain_total_steps": 44,
  "retrain_retrain_rate": 0.022727272727272728
}