{
  "config": {
    "dataset": {
      "downsample_freq": "w",
      "name": "wti",
      "sample_entities": 1
    },
    "drift": {
      "enabled": false
    },
    "metrics": [
      "mae",
      "rmse",
      "smape"
    ],
    "model": {
      "name": "lstm",
      "params": {
        "epochs": 20,
        "hidden_size": 32,
        "num_layers": 2,
        "sequence_length": 24,
        "random_state": 46
      }
    },
    "output": {
      "results_dir": "results/wti/no_retrain/lstm",
      "save_metrics": true,
      "save_predictions": false,
      "save_window_metrics": true
    },
    "retraining": {
      "enabled": true,
      "min_steps_between_retrain": 999999,
      "policy": "no_retraining"
    },
    "seed": 42,
    "simulation": {
      "forecast_horizon_hours": 168,
      "history_window_days": 60,
      "step_size_hours": 168
    }
  },
  "seeds": [
    42,
    43,
    44,
    45,
    46
  ],
  "n_successful": 5,
  "statistics": {
    "mae": {
      "mean": 25.841834692329133,
      "std": 0.7278690846264749,
      "min": 25.355395627769315,
      "max": 27.11784882349185,
      "values": [
        25.715114752880954,
        27.11784882349185,
        25.41399087464554,
        25.355395627769315,
        25.606823382858014
      ]
    },
    "rmse": {
      "mean": 31.843467494454625,
      "std": 0.958387379253603,
      "min": 31.050315987361795,
      "max": 33.48760959528831,
      "values": [
        31.81743344044276,
        33.48760959528831,
        31.411259859118772,
        31.050315987361795,
        31.450718590061477
      ]
    },
    "smape": {
      "mean": 54.05369570970779,
      "std": 1.6284068102919602,
      "min": 52.92885413011761,
      "max": 56.901308220883465,
      "values": [
        53.819858438604214,
        56.901308220883465,
        53.12277811622543,
        52.92885413011761,
        53.49567964270826
      ]
    },
    "total_retrains": {
      "mean": 1.0,
      "std": 0.0,
      "min": "1",
      "max": "1",
      "values": [
        1,
        1,
        1,
        1,
        1
      ]
    }
  },
  "timestamp": "2026-04-01T13:17:25.209586"
}