{
  "config": {
    "dataset": {
      "downsample_freq": "h",
      "name": "traffic",
      "sample_entities": 1
    },
    "drift": {
      "enabled": false
    },
    "metrics": [
      "mae",
      "rmse",
      "smape"
    ],
    "model": {
      "name": "rf",
      "params": {
        "max_depth": 8,
        "n_estimators": 50,
        "n_lags": 3,
        "random_state": 46
      }
    },
    "output": {
      "results_dir": "results/traffic/no_retrain/rf",
      "save_metrics": true,
      "save_predictions": false,
      "save_window_metrics": true
    },
    "retraining": {
      "enabled": true,
      "min_steps_between_retrain": 999999,
      "policy": "no_retraining"
    },
    "seed": 42,
    "simulation": {
      "forecast_horizon_hours": 24,
      "history_window_days": 30,
      "step_size_hours": 24
    }
  },
  "seeds": [
    42,
    43,
    44,
    45,
    46
  ],
  "n_successful": 5,
  "statistics": {
    "mae": {
      "mean": 349.92987911675516,
      "std": 7.363174878881461,
      "min": 344.1608859718968,
      "max": 361.2001563769167,
      "values": [
        344.1608859718968,
        344.90992052989264,
        345.73642465452895,
        353.6420080505406,
        361.2001563769167
      ]
    },
    "rmse": {
      "mean": 588.856076128538,
      "std": 21.821303368681885,
      "min": 564.259326545757,
      "max": 622.878706148625,
      "values": [
        564.259326545757,
        585.3450072044867,
        578.404753615557,
        593.3925871282644,
        622.878706148625
      ]
    },
    "smape": {
      "mean": 14.117164526725151,
      "std": 0.18843666193656652,
      "min": 13.856447456396465,
      "max": 14.36164125876476,
      "values": [
        14.047997252465422,
        13.856447456396465,
        14.105739334262827,
        14.213997331736273,
        14.36164125876476
      ]
    },
    "total_retrains": {
      "mean": 1.0,
      "std": 0.0,
      "min": "1",
      "max": "1",
      "values": [
        1,
        1,
        1,
        1,
        1
      ]
    }
  },
  "timestamp": "2026-04-01T13:11:31.799602"
}