{
  "config": {
    "dataset": {
      "downsample_freq": "h",
      "name": "electricity",
      "sample_entities": 5
    },
    "drift": {
      "enabled": false
    },
    "metrics": [
      "mae",
      "rmse",
      "smape"
    ],
    "model": {
      "name": "lstm",
      "params": {
        "epochs": 20,
        "hidden_size": 32,
        "num_layers": 2,
        "sequence_length": 24,
        "random_state": 46
      }
    },
    "output": {
      "results_dir": "results/electricity/fixed_retrain/lstm",
      "save_metrics": true,
      "save_predictions": false,
      "save_window_metrics": true
    },
    "retraining": {
      "enabled": true,
      "min_steps_between_retrain": 1,
      "policy": "fixed_schedule",
      "retrain_every_n_steps": 10
    },
    "seed": 42,
    "simulation": {
      "forecast_horizon_hours": 24,
      "history_window_days": 30,
      "step_size_hours": 24
    }
  },
  "seeds": [
    42,
    43,
    44,
    45,
    46
  ],
  "n_successful": 5,
  "statistics": {
    "mae": {
      "mean": 811.0676085579979,
      "std": 14.953258358287643,
      "min": 792.4305046118242,
      "max": 832.0578948055711,
      "values": [
        832.0578948055711,
        803.4156836985667,
        817.8325412483356,
        792.4305046118242,
        809.6014184256919
      ]
    },
    "rmse": {
      "mean": 1519.5390660413973,
      "std": 30.151948937196643,
      "min": 1482.3555127007257,
      "max": 1562.871198789415,
      "values": [
        1562.871198789415,
        1507.2673381364366,
        1532.7723646223799,
        1482.3555127007257,
        1512.4289159580287
      ]
    },
    "smape": {
      "mean": 37.332841494965734,
      "std": 0.22543843256015447,
      "min": 37.01717003047443,
      "max": 37.56091631691659,
      "values": [
        37.539777300597436,
        37.30215470161086,
        37.56091631691659,
        37.01717003047443,
        37.24418912522937
      ]
    },
    "total_retrains": {
      "mean": 533.0,
      "std": 0.0,
      "min": "533",
      "max": "533",
      "values": [
        533,
        533,
        533,
        533,
        533
      ]
    }
  },
  "timestamp": "2026-04-01T11:19:13.732395"
}