{
  "config": {
    "dataset": {
      "downsample_freq": "h",
      "name": "traffic",
      "sample_entities": 1
    },
    "drift": {
      "detector": "ks_test",
      "enabled": true,
      "on": "residual"
    },
    "metrics": [
      "mae",
      "rmse",
      "smape"
    ],
    "model": {
      "name": "rf",
      "params": {
        "random_state": 46
      }
    },
    "output": {
      "results_dir": "results/traffic/adaptive_retrain/rf",
      "save_metrics": true,
      "save_predictions": false,
      "save_window_metrics": false
    },
    "retraining": {
      "consecutive_decay_rate": 0.5,
      "decay_consecutive": true,
      "drift_threshold": 0.5,
      "enabled": true,
      "min_steps_between_retrain": 3,
      "policy": "drift_triggered",
      "require_consecutive": 2
    },
    "seed": 42,
    "simulation": {
      "forecast_horizon_hours": 24,
      "history_window_days": 30,
      "step_size_hours": 24
    }
  },
  "seeds": [
    42,
    43,
    44,
    45,
    46
  ],
  "n_successful": 5,
  "statistics": {
    "mae": {
      "mean": 321.6191473991306,
      "std": 0.53144323945537,
      "min": 321.00098680347054,
      "max": 322.34312909905265,
      "values": [
        322.34312909905265,
        321.9660997295852,
        321.3757631525091,
        321.00098680347054,
        321.4097582110357
      ]
    },
    "rmse": {
      "mean": 600.4484148299496,
      "std": 3.196033499615902,
      "min": 597.4072193190258,
      "max": 604.2916586843558,
      "values": [
        604.2916586843558,
        603.4752014350469,
        598.1170432946138,
        597.4072193190258,
        598.9509514167056
      ]
    },
    "smape": {
      "mean": 13.393606775981201,
      "std": 0.0143049383635112,
      "min": 13.379160076990035,
      "max": 13.411542486424535,
      "values": [
        13.406194810166664,
        13.411542486424535,
        13.386034044218206,
        13.379160076990035,
        13.385102462106568
      ]
    },
    "total_retrains": {
      "mean": 494.0,
      "std": 0.0,
      "min": "494",
      "max": "494",
      "values": [
        494,
        494,
        494,
        494,
        494
      ]
    }
  },
  "timestamp": "2026-04-01T12:44:03.430255"
}