{
  "config": {
    "dataset": {
      "downsample_freq": "w",
      "name": "brent",
      "sample_entities": 1
    },
    "drift": {
      "enabled": false
    },
    "metrics": [
      "mae",
      "rmse",
      "smape"
    ],
    "model": {
      "name": "lgbm",
      "params": {
        "learning_rate": 0.1,
        "max_depth": 5,
        "n_estimators": 50,
        "n_lags": 3,
        "random_state": 46
      }
    },
    "output": {
      "results_dir": "results/brent/no_retrain/lgbm",
      "save_metrics": true,
      "save_predictions": false,
      "save_window_metrics": true
    },
    "retraining": {
      "enabled": true,
      "min_steps_between_retrain": 999999,
      "policy": "no_retraining"
    },
    "seed": 42,
    "simulation": {
      "forecast_horizon_hours": 168,
      "history_window_days": 60,
      "step_size_hours": 168
    }
  },
  "seeds": [
    42,
    43,
    44,
    45,
    46
  ],
  "n_successful": 5,
  "statistics": {
    "mae": {
      "mean": 19.089569595060933,
      "std": 0.0,
      "min": 19.089569595060933,
      "max": 19.089569595060933,
      "values": [
        19.089569595060933,
        19.089569595060933,
        19.089569595060933,
        19.089569595060933,
        19.089569595060933
      ]
    },
    "rmse": {
      "mean": 31.61456047039344,
      "std": 0.0,
      "min": 31.61456047039344,
      "max": 31.61456047039344,
      "values": [
        31.61456047039344,
        31.61456047039344,
        31.61456047039344,
        31.61456047039344,
        31.61456047039344
      ]
    },
    "smape": {
      "mean": 31.576523896784458,
      "std": 0.0,
      "min": 31.576523896784458,
      "max": 31.576523896784458,
      "values": [
        31.576523896784458,
        31.576523896784458,
        31.576523896784458,
        31.576523896784458,
        31.576523896784458
      ]
    },
    "total_retrains": {
      "mean": 1.0,
      "std": 0.0,
      "min": "1",
      "max": "1",
      "values": [
        1,
        1,
        1,
        1,
        1
      ]
    }
  },
  "timestamp": "2026-04-01T09:39:44.062052"
}