{
  "mae": 5.851326313935743,
  "rmse": 12.337150228482319,
  "smape": 11.060740185849369,
  "mape": 9.39602872787155,
  "error_mean": 5.851326313935743,
  "error_std": 10.861273227756701,
  "error_max": 74.1942883478148,
  "error_autocorr_lag1": 0.9803558256429895,
  "relative_error_mean": 0.09396028727871551,
  "compute_proxy": 5.0,
  "n_windows": 44,
  "n_predictions": 7392,
  "retrain_total_retrains": 5,
  "retrain_compute_proxy": 5.0,
  "retrain_drift_triggered_retrains": 0,
  "retrain_total_steps": 44,
  "retrain_retrain_rate": 0.11363636363636363,
  "retrain_avg_hours_between_retrains": 58632.0,
  "retrain_median_hours_between_retrains": 58560.0
}