{
  "config": {
    "dataset": {
      "downsample_freq": "h",
      "name": "traffic",
      "sample_entities": 1
    },
    "drift": {
      "enabled": false
    },
    "metrics": [
      "mae",
      "rmse",
      "smape"
    ],
    "model": {
      "name": "lgbm",
      "params": {
        "learning_rate": 0.1,
        "max_depth": 5,
        "n_estimators": 50,
        "n_lags": 3,
        "random_state": 46
      }
    },
    "output": {
      "results_dir": "results/traffic/fixed_retrain/lgbm",
      "save_metrics": true,
      "save_predictions": false,
      "save_window_metrics": true
    },
    "retraining": {
      "enabled": true,
      "min_steps_between_retrain": 1,
      "policy": "fixed_schedule",
      "retrain_every_n_steps": 10
    },
    "seed": 42,
    "simulation": {
      "forecast_horizon_hours": 24,
      "history_window_days": 30,
      "step_size_hours": 24
    }
  },
  "seeds": [
    42,
    43,
    44,
    45,
    46
  ],
  "n_successful": 5,
  "statistics": {
    "mae": {
      "mean": 195.59795363340464,
      "std": 0.0,
      "min": 195.59795363340464,
      "max": 195.59795363340464,
      "values": [
        195.59795363340464,
        195.59795363340464,
        195.59795363340464,
        195.59795363340464,
        195.59795363340464
      ]
    },
    "rmse": {
      "mean": 364.8586708961814,
      "std": 0.0,
      "min": 364.8586708961814,
      "max": 364.8586708961814,
      "values": [
        364.8586708961814,
        364.8586708961814,
        364.8586708961814,
        364.8586708961814,
        364.8586708961814
      ]
    },
    "smape": {
      "mean": 9.289302694569185,
      "std": 0.0,
      "min": 9.289302694569185,
      "max": 9.289302694569185,
      "values": [
        9.289302694569185,
        9.289302694569185,
        9.289302694569185,
        9.289302694569185,
        9.289302694569185
      ]
    },
    "total_retrains": {
      "mean": 198.0,
      "std": 0.0,
      "min": "198",
      "max": "198",
      "values": [
        198,
        198,
        198,
        198,
        198
      ]
    }
  },
  "timestamp": "2026-04-01T12:48:53.267187"
}