{
  "mae": 3.609255190547196,
  "rmse": 9.45743231306662,
  "smape": 6.785757225892684,
  "mape": 6.09439438501457,
  "error_mean": 3.609255190547196,
  "error_std": 8.741641889584862,
  "error_max": 79.32239299809906,
  "error_autocorr_lag1": 0.9734977075180938,
  "relative_error_mean": 0.0609439438501457,
  "compute_proxy": 10.0,
  "n_windows": 0,
  "n_predictions": 7392,
  "retrain_total_retrains": 10,
  "retrain_compute_proxy": 10.0,
  "retrain_drift_triggered_retrains": 10,
  "retrain_total_steps": 44,
  "retrain_retrain_rate": 0.22727272727272727,
  "retrain_avg_hours_between_retrains": 24109.333333333332,
  "retrain_median_hours_between_retrains": 23520.0
}