{
  "mae": 18.176231531116606,
  "rmse": 29.448948699533744,
  "smape": 31.679252457307754,
  "mape": 23.700617251499693,
  "error_mean": 18.176231531116606,
  "error_std": 23.170351461188773,
  "error_max": 109.82576020376659,
  "error_autocorr_lag1": 0.9866807475373196,
  "relative_error_mean": 0.23700617251499695,
  "compute_proxy": 0.0,
  "n_windows": 44,
  "n_predictions": 7392,
  "retrain_total_retrains": 0,
  "retrain_compute_proxy": 0.0,
  "retrain_drift_triggered_retrains": 0,
  "retrain_total_steps": 0
}