{
  "mae": 207.5648150712223,
  "rmse": 445.6277195686085,
  "smape": 13.675356651141863,
  "mape": 14.533788223090626,
  "error_mean": 207.5648150712223,
  "error_std": 394.33603942876897,
  "error_max": 5980.188875000001,
  "error_autocorr_lag1": 0.7514176364217938,
  "relative_error_mean": 0.14533788223090627,
  "compute_proxy": 924.0,
  "n_windows": 0,
  "n_predictions": 127920,
  "retrain_total_retrains": 924,
  "retrain_compute_proxy": 924.0,
  "retrain_drift_triggered_retrains": 924,
  "retrain_total_steps": 5330,
  "retrain_retrain_rate": 0.17335834896810506,
  "retrain_avg_hours_between_retrains": 27.094257854821237,
  "retrain_median_hours_between_retrains": 96.0
}