{
  "config": {
    "dataset": {
      "downsample_freq": "h",
      "name": "traffic",
      "sample_entities": 1
    },
    "drift": {
      "enabled": false
    },
    "metrics": [
      "mae",
      "rmse",
      "smape"
    ],
    "model": {
      "name": "seasonal_naive",
      "params": {
        "season_length": 24,
        "random_state": 46
      }
    },
    "output": {
      "results_dir": "results/traffic/fixed_retrain/seasonal_naive",
      "save_metrics": true,
      "save_predictions": false,
      "save_window_metrics": true
    },
    "retraining": {
      "enabled": true,
      "min_steps_between_retrain": 1,
      "policy": "fixed_schedule",
      "retrain_every_n_steps": 10
    },
    "seed": 42,
    "simulation": {
      "forecast_horizon_hours": 24,
      "history_window_days": 30,
      "step_size_hours": 24
    }
  },
  "seeds": [
    42,
    43,
    44,
    45,
    46
  ],
  "n_successful": 5,
  "statistics": {
    "mae": {
      "mean": 2141.5023592854736,
      "std": 0.0,
      "min": 2141.5023592854736,
      "max": 2141.5023592854736,
      "values": [
        2141.5023592854736,
        2141.5023592854736,
        2141.5023592854736,
        2141.5023592854736,
        2141.5023592854736
      ]
    },
    "rmse": {
      "mean": 2710.5166227245427,
      "std": 0.0,
      "min": 2710.5166227245427,
      "max": 2710.5166227245427,
      "values": [
        2710.5166227245427,
        2710.5166227245427,
        2710.5166227245427,
        2710.5166227245427,
        2710.5166227245427
      ]
    },
    "smape": {
      "mean": 77.40291443092548,
      "std": 0.0,
      "min": 77.40291443092548,
      "max": 77.40291443092548,
      "values": [
        77.40291443092548,
        77.40291443092548,
        77.40291443092548,
        77.40291443092548,
        77.40291443092548
      ]
    },
    "total_retrains": {
      "mean": 198.0,
      "std": 0.0,
      "min": "198",
      "max": "198",
      "values": [
        198,
        198,
        198,
        198,
        198
      ]
    }
  },
  "timestamp": "2026-04-01T13:02:39.987685"
}