{
  "mae": 897.5900325945864,
  "rmse": 1156.7313543782693,
  "smape": 41.616476724772575,
  "mape": 136.3100891215066,
  "error_mean": 897.5900325945864,
  "error_std": 729.6297414364593,
  "error_max": 5584.005921090606,
  "error_autocorr_lag1": 0.5062031142673963,
  "relative_error_mean": 1.363100891215066,
  "compute_proxy": 198.0,
  "n_windows": 1978,
  "n_predictions": 47472,
  "retrain_total_retrains": 198,
  "retrain_compute_proxy": 198.0,
  "retrain_drift_triggered_retrains": 9,
  "retrain_total_steps": 1978,
  "retrain_retrain_rate": 0.10010111223458039,
  "retrain_avg_hours_between_retrains": 262.61928934010155,
  "retrain_median_hours_between_retrains": 216.0
}