{
  "config": {
    "dataset": {
      "downsample_freq": "h",
      "name": "traffic",
      "sample_entities": 1
    },
    "drift": {
      "enabled": false
    },
    "metrics": [
      "mae",
      "rmse",
      "smape"
    ],
    "model": {
      "name": "naive",
      "params": {
        "random_state": 46
      }
    },
    "output": {
      "results_dir": "results/traffic/fixed_retrain/naive",
      "save_metrics": true,
      "save_predictions": false,
      "save_window_metrics": true
    },
    "retraining": {
      "enabled": true,
      "min_steps_between_retrain": 1,
      "policy": "fixed_schedule",
      "retrain_every_n_steps": 10
    },
    "seed": 42,
    "simulation": {
      "forecast_horizon_hours": 24,
      "history_window_days": 30,
      "step_size_hours": 24
    }
  },
  "seeds": [
    42,
    43,
    44,
    45,
    46
  ],
  "n_successful": 5,
  "statistics": {
    "mae": {
      "mean": 2227.155375800472,
      "std": 0.0,
      "min": 2227.155375800472,
      "max": 2227.155375800472,
      "values": [
        2227.155375800472,
        2227.155375800472,
        2227.155375800472,
        2227.155375800472,
        2227.155375800472
      ]
    },
    "rmse": {
      "mean": 2743.0214988140083,
      "std": 0.0,
      "min": 2743.0214988140083,
      "max": 2743.0214988140083,
      "values": [
        2743.0214988140083,
        2743.0214988140083,
        2743.0214988140083,
        2743.0214988140083,
        2743.0214988140083
      ]
    },
    "smape": {
      "mean": 79.72490536276683,
      "std": 0.0,
      "min": 79.72490536276683,
      "max": 79.72490536276683,
      "values": [
        79.72490536276683,
        79.72490536276683,
        79.72490536276683,
        79.72490536276683,
        79.72490536276683
      ]
    },
    "total_retrains": {
      "mean": 198.0,
      "std": 0.0,
      "min": "198",
      "max": "198",
      "values": [
        198,
        198,
        198,
        198,
        198
      ]
    }
  },
  "timestamp": "2026-04-01T12:58:29.844948"
}