{
  "config": {
    "dataset": {
      "downsample_freq": "h",
      "name": "traffic",
      "sample_entities": 1
    },
    "drift": {
      "enabled": false
    },
    "metrics": [
      "mae",
      "rmse",
      "smape"
    ],
    "model": {
      "name": "seasonal_naive",
      "params": {
        "season_length": 24,
        "random_state": 46
      }
    },
    "output": {
      "results_dir": "results/traffic/no_retrain/seasonal_naive",
      "save_metrics": true,
      "save_predictions": false,
      "save_window_metrics": true
    },
    "retraining": {
      "enabled": true,
      "min_steps_between_retrain": 999999,
      "policy": "no_retraining"
    },
    "seed": 42,
    "simulation": {
      "forecast_horizon_hours": 24,
      "history_window_days": 30,
      "step_size_hours": 24
    }
  },
  "seeds": [
    42,
    43,
    44,
    45,
    46
  ],
  "n_successful": 5,
  "statistics": {
    "mae": {
      "mean": 2180.6418099089988,
      "std": 0.0,
      "min": 2180.6418099089988,
      "max": 2180.6418099089988,
      "values": [
        2180.6418099089988,
        2180.6418099089988,
        2180.6418099089988,
        2180.6418099089988,
        2180.6418099089988
      ]
    },
    "rmse": {
      "mean": 2688.5029466841374,
      "std": 0.0,
      "min": 2688.5029466841374,
      "max": 2688.5029466841374,
      "values": [
        2688.5029466841374,
        2688.5029466841374,
        2688.5029466841374,
        2688.5029466841374,
        2688.5029466841374
      ]
    },
    "smape": {
      "mean": 81.93676070621933,
      "std": 0.0,
      "min": 81.93676070621933,
      "max": 81.93676070621933,
      "values": [
        81.93676070621933,
        81.93676070621933,
        81.93676070621933,
        81.93676070621933,
        81.93676070621933
      ]
    },
    "total_retrains": {
      "mean": 1.0,
      "std": 0.0,
      "min": "1",
      "max": "1",
      "values": [
        1,
        1,
        1,
        1,
        1
      ]
    }
  },
  "timestamp": "2026-04-01T13:11:37.850370"
}