{
  "mae": 2770.4222975366656,
  "rmse": 3380.3756686670595,
  "smape": 72.71720110712343,
  "mape": 530.193679346805,
  "error_mean": 2770.4222975366656,
  "error_std": 1936.9305497688679,
  "error_max": 7997.136500056013,
  "error_autocorr_lag1": 0.9196408030958706,
  "relative_error_mean": 5.30193679346805,
  "compute_proxy": 494.0,
  "n_windows": 0,
  "n_predictions": 47472,
  "retrain_total_retrains": 494,
  "retrain_compute_proxy": 494.0,
  "retrain_drift_triggered_retrains": 494,
  "retrain_total_steps": 1978,
  "retrain_retrain_rate": 0.24974721941354905,
  "retrain_avg_hours_between_retrains": 105.01419878296146,
  "retrain_median_hours_between_retrains": 89.0
}