{
  "mae": 3769.672253853768,
  "rmse": 4261.499391747571,
  "smape": 84.3781928682446,
  "mape": 677.4640391371838,
  "error_mean": 3769.672253853768,
  "error_std": 1987.447650729441,
  "error_max": 8033.437083000888,
  "error_autocorr_lag1": 0.9125994567997184,
  "relative_error_mean": 6.774640391371838,
  "compute_proxy": 0.0,
  "n_windows": 1978,
  "n_predictions": 47472,
  "retrain_total_retrains": 0,
  "retrain_compute_proxy": 0.0,
  "retrain_drift_triggered_retrains": 0,
  "retrain_total_steps": 0
}