{
  "config": {
    "dataset": {
      "downsample_freq": "h",
      "name": "electricity",
      "sample_entities": 5
    },
    "drift": {
      "enabled": false
    },
    "metrics": [
      "mae",
      "rmse",
      "smape"
    ],
    "model": {
      "name": "rf",
      "params": {
        "max_depth": 8,
        "n_estimators": 50,
        "n_lags": 3,
        "random_state": 46
      }
    },
    "output": {
      "results_dir": "results/electricity/fixed_retrain/rf",
      "save_metrics": true,
      "save_predictions": false,
      "save_window_metrics": true
    },
    "retraining": {
      "enabled": true,
      "min_steps_between_retrain": 1,
      "policy": "fixed_schedule",
      "retrain_every_n_steps": 10
    },
    "seed": 42,
    "simulation": {
      "forecast_horizon_hours": 24,
      "history_window_days": 30,
      "step_size_hours": 24
    }
  },
  "seeds": [
    42,
    43,
    44,
    45,
    46
  ],
  "n_successful": 5,
  "statistics": {
    "mae": {
      "mean": 157.28626809175654,
      "std": 0.44018894971219036,
      "min": 156.9546151979798,
      "max": 158.0522377390679,
      "values": [
        156.9546151979798,
        157.13980035187586,
        157.0543641069657,
        157.23032306289346,
        158.0522377390679
      ]
    },
    "rmse": {
      "mean": 353.7554057608916,
      "std": 1.6810242316329354,
      "min": 352.19914572852537,
      "max": 356.5485352738979,
      "values": [
        353.902287006803,
        353.28813557071396,
        352.19914572852537,
        352.83892522451794,
        356.5485352738979
      ]
    },
    "smape": {
      "mean": 9.776278233541808,
      "std": 0.03270254502416749,
      "min": 9.734909683347139,
      "max": 9.818157891745143,
      "values": [
        9.734909683347139,
        9.799277833067878,
        9.762624877529683,
        9.766420882019194,
        9.818157891745143
      ]
    },
    "total_retrains": {
      "mean": 533.0,
      "std": 0.0,
      "min": "533",
      "max": "533",
      "values": [
        533,
        533,
        533,
        533,
        533
      ]
    }
  },
  "timestamp": "2026-04-01T11:30:45.921255"
}