{
  "mae": 17.99907332251082,
  "rmse": 25.8563696938935,
  "smape": 30.91683631188046,
  "mape": 34.76682858062522,
  "error_mean": 17.99907332251082,
  "error_std": 18.563006579705068,
  "error_max": 84.17999999999998,
  "error_autocorr_lag1": 0.9964639732714949,
  "relative_error_mean": 0.3476682858062522,
  "compute_proxy": 11.0,
  "n_windows": 0,
  "n_predictions": 7392,
  "retrain_total_retrains": 11,
  "retrain_compute_proxy": 11.0,
  "retrain_drift_triggered_retrains": 11,
  "retrain_total_steps": 44,
  "retrain_retrain_rate": 0.25,
  "retrain_avg_hours_between_retrains": 23234.4,
  "retrain_median_hours_between_retrains": 23244.0
}