{
  "config": {
    "dataset": {
      "downsample_freq": "h",
      "name": "traffic",
      "sample_entities": 1
    },
    "drift": {
      "detector": "ks_test",
      "enabled": true,
      "on": "residual"
    },
    "metrics": [
      "mae",
      "rmse",
      "smape"
    ],
    "model": {
      "name": "naive",
      "params": {
        "random_state": 46
      }
    },
    "output": {
      "results_dir": "results/traffic/adaptive_retrain/naive",
      "save_metrics": true,
      "save_predictions": false,
      "save_window_metrics": false
    },
    "retraining": {
      "consecutive_decay_rate": 0.5,
      "decay_consecutive": true,
      "drift_threshold": 0.5,
      "enabled": true,
      "min_steps_between_retrain": 3,
      "policy": "drift_triggered",
      "require_consecutive": 2
    },
    "seed": 42,
    "simulation": {
      "forecast_horizon_hours": 24,
      "history_window_days": 30,
      "step_size_hours": 24
    }
  },
  "seeds": [
    42,
    43,
    44,
    45,
    46
  ],
  "n_successful": 5,
  "statistics": {
    "mae": {
      "mean": 2998.7485675766766,
      "std": 0.0,
      "min": 2998.7485675766766,
      "max": 2998.7485675766766,
      "values": [
        2998.7485675766766,
        2998.7485675766766,
        2998.7485675766766,
        2998.7485675766766,
        2998.7485675766766
      ]
    },
    "rmse": {
      "mean": 3593.6504221693112,
      "std": 5.084229945850415e-13,
      "min": 3593.650422169311,
      "max": 3593.650422169311,
      "values": [
        3593.650422169311,
        3593.650422169311,
        3593.650422169311,
        3593.650422169311,
        3593.650422169311
      ]
    },
    "smape": {
      "mean": 146.93153162579037,
      "std": 0.0,
      "min": 146.93153162579037,
      "max": 146.93153162579037,
      "values": [
        146.93153162579037,
        146.93153162579037,
        146.93153162579037,
        146.93153162579037,
        146.93153162579037
      ]
    },
    "total_retrains": {
      "mean": 4.0,
      "std": 0.0,
      "min": "4",
      "max": "4",
      "values": [
        4,
        4,
        4,
        4,
        4
      ]
    }
  },
  "timestamp": "2026-04-01T12:36:25.735126"
}