{
  "mae": 36.94952325042338,
  "rmse": 47.13939271675822,
  "smape": 55.01515720796466,
  "mape": 85.93599909800453,
  "error_mean": 36.94952325042338,
  "error_std": 29.272086998900157,
  "error_max": 157.38781261104745,
  "error_autocorr_lag1": 0.9975791200770329,
  "relative_error_mean": 0.8593599909800452,
  "compute_proxy": 10.0,
  "n_windows": 0,
  "n_predictions": 7392,
  "retrain_total_retrains": 10,
  "retrain_compute_proxy": 10.0,
  "retrain_drift_triggered_retrains": 10,
  "retrain_total_steps": 44,
  "retrain_retrain_rate": 0.22727272727272727,
  "retrain_avg_hours_between_retrains": 25418.666666666668,
  "retrain_median_hours_between_retrains": 23400.0
}