{
  "mae": 25.35755772701627,
  "rmse": 31.191569163034313,
  "smape": 52.9959230420083,
  "mape": 60.15658689939657,
  "error_mean": 25.35755772701627,
  "error_std": 18.163376695245592,
  "error_max": 104.51093579267538,
  "error_autocorr_lag1": 0.9961775822501223,
  "relative_error_mean": 0.6015658689939657,
  "compute_proxy": 0.0,
  "n_windows": 44,
  "n_predictions": 7392,
  "retrain_total_retrains": 0,
  "retrain_compute_proxy": 0.0,
  "retrain_drift_triggered_retrains": 0,
  "retrain_total_steps": 0
}