{
  "config": {
    "dataset": {
      "downsample_freq": "w",
      "name": "wti",
      "sample_entities": 1
    },
    "drift": {
      "detector": "ks_test",
      "detector_params": {},
      "enabled": true,
      "on": "residual"
    },
    "metrics": [
      "mae",
      "rmse",
      "smape"
    ],
    "model": {
      "name": "rf",
      "params": {
        "random_state": 46
      }
    },
    "output": {
      "results_dir": "results/wti/adaptive_retrain/rf",
      "save_metrics": true,
      "save_predictions": false,
      "save_window_metrics": false
    },
    "retraining": {
      "consecutive_decay_rate": 0.5,
      "decay_consecutive": true,
      "drift_threshold": 0.5,
      "enabled": true,
      "min_steps_between_retrain": 3,
      "policy": "drift_triggered",
      "require_consecutive": 2
    },
    "seed": 42,
    "simulation": {
      "forecast_horizon_hours": 168,
      "history_window_days": 60,
      "step_size_hours": 168
    }
  },
  "seeds": [
    42,
    43,
    44,
    45,
    46
  ],
  "n_successful": 5,
  "statistics": {
    "mae": {
      "mean": 4.183895960154758,
      "std": 0.0065684393896714745,
      "min": 4.177228985508763,
      "max": 4.191753423975753,
      "values": [
        4.177228985508763,
        4.188734473710703,
        4.191753423975753,
        4.177359836646108,
        4.184403080932466
      ]
    },
    "rmse": {
      "mean": 10.578908746028013,
      "std": 0.021672292105977625,
      "min": 10.55110182800684,
      "max": 10.604416226930294,
      "values": [
        10.562310595651276,
        10.587709964998465,
        10.604416226930294,
        10.55110182800684,
        10.589005114553188
      ]
    },
    "smape": {
      "mean": 7.848056705423327,
      "std": 0.011778597866533961,
      "min": 7.829764259576461,
      "max": 7.8604092952148195,
      "values": [
        7.829764259576461,
        7.855270762708143,
        7.850147883047116,
        7.84469132657009,
        7.8604092952148195
      ]
    },
    "total_retrains": {
      "mean": 11.0,
      "std": 0.0,
      "min": "11",
      "max": "11",
      "values": [
        11,
        11,
        11,
        11,
        11
      ]
    }
  },
  "timestamp": "2026-04-01T13:15:57.233845"
}