{
  "config": {
    "dataset": {
      "downsample_freq": "w",
      "name": "wti",
      "sample_entities": 1
    },
    "drift": {
      "enabled": false
    },
    "metrics": [
      "mae",
      "rmse",
      "smape"
    ],
    "model": {
      "name": "lgbm",
      "params": {
        "learning_rate": 0.1,
        "max_depth": 5,
        "n_estimators": 50,
        "n_lags": 3,
        "random_state": 46
      }
    },
    "output": {
      "results_dir": "results/wti/fixed_retrain/lgbm",
      "save_metrics": true,
      "save_predictions": false,
      "save_window_metrics": true
    },
    "retraining": {
      "enabled": true,
      "min_steps_between_retrain": 1,
      "policy": "fixed_schedule",
      "retrain_every_n_steps": 10
    },
    "seed": 42,
    "simulation": {
      "forecast_horizon_hours": 168,
      "history_window_days": 60,
      "step_size_hours": 168
    }
  },
  "seeds": [
    42,
    43,
    44,
    45,
    46
  ],
  "n_successful": 5,
  "statistics": {
    "mae": {
      "mean": 7.119883992949015,
      "std": 9.930136612989092e-16,
      "min": 7.119883992949014,
      "max": 7.119883992949014,
      "values": [
        7.119883992949014,
        7.119883992949014,
        7.119883992949014,
        7.119883992949014,
        7.119883992949014
      ]
    },
    "rmse": {
      "mean": 14.121597624829391,
      "std": 0.0,
      "min": 14.121597624829391,
      "max": 14.121597624829391,
      "values": [
        14.121597624829391,
        14.121597624829391,
        14.121597624829391,
        14.121597624829391,
        14.121597624829391
      ]
    },
    "smape": {
      "mean": 13.337304586648576,
      "std": 0.0,
      "min": 13.337304586648576,
      "max": 13.337304586648576,
      "values": [
        13.337304586648576,
        13.337304586648576,
        13.337304586648576,
        13.337304586648576,
        13.337304586648576
      ]
    },
    "total_retrains": {
      "mean": 5.0,
      "std": 0.0,
      "min": "5",
      "max": "5",
      "values": [
        5,
        5,
        5,
        5,
        5
      ]
    }
  },
  "timestamp": "2026-04-01T13:16:04.529751"
}