{
  "config": {
    "dataset": {
      "downsample_freq": "w",
      "name": "wti",
      "sample_entities": 1
    },
    "drift": {
      "enabled": false
    },
    "metrics": [
      "mae",
      "rmse",
      "smape"
    ],
    "model": {
      "name": "seasonal_naive",
      "params": {
        "season_length": 24,
        "random_state": 46
      }
    },
    "output": {
      "results_dir": "results/wti/no_retrain/seasonal_naive",
      "save_metrics": true,
      "save_predictions": false,
      "save_window_metrics": true
    },
    "retraining": {
      "enabled": true,
      "min_steps_between_retrain": 999999,
      "policy": "no_retraining"
    },
    "seed": 42,
    "simulation": {
      "forecast_horizon_hours": 168,
      "history_window_days": 60,
      "step_size_hours": 168
    }
  },
  "seeds": [
    42,
    43,
    44,
    45,
    46
  ],
  "n_successful": 5,
  "statistics": {
    "mae": {
      "mean": 32.90544913419914,
      "std": 0.0,
      "min": 32.90544913419914,
      "max": 32.90544913419914,
      "values": [
        32.90544913419914,
        32.90544913419914,
        32.90544913419914,
        32.90544913419914,
        32.90544913419914
      ]
    },
    "rmse": {
      "mean": 43.3840386096968,
      "std": 0.0,
      "min": 43.3840386096968,
      "max": 43.3840386096968,
      "values": [
        43.3840386096968,
        43.3840386096968,
        43.3840386096968,
        43.3840386096968,
        43.3840386096968
      ]
    },
    "smape": {
      "mean": 74.61635984186739,
      "std": 0.0,
      "min": 74.61635984186739,
      "max": 74.61635984186739,
      "values": [
        74.61635984186739,
        74.61635984186739,
        74.61635984186739,
        74.61635984186739,
        74.61635984186739
      ]
    },
    "total_retrains": {
      "mean": 1.0,
      "std": 0.0,
      "min": "1",
      "max": "1",
      "values": [
        1,
        1,
        1,
        1,
        1
      ]
    }
  },
  "timestamp": "2026-04-01T13:17:30.245180"
}