{
  "config": {
    "dataset": {
      "downsample_freq": "w",
      "name": "wti",
      "sample_entities": 1
    },
    "drift": {
      "detector": "ks_test",
      "detector_params": {},
      "enabled": true,
      "on": "residual"
    },
    "metrics": [
      "mae",
      "rmse",
      "smape"
    ],
    "model": {
      "name": "naive",
      "params": {
        "random_state": 46
      }
    },
    "output": {
      "results_dir": "results/wti/adaptive_retrain/naive",
      "save_metrics": true,
      "save_predictions": false,
      "save_window_metrics": false
    },
    "retraining": {
      "consecutive_decay_rate": 0.5,
      "decay_consecutive": true,
      "drift_threshold": 0.5,
      "enabled": true,
      "min_steps_between_retrain": 3,
      "policy": "drift_triggered",
      "require_consecutive": 2
    },
    "seed": 42,
    "simulation": {
      "forecast_horizon_hours": 168,
      "history_window_days": 60,
      "step_size_hours": 168
    }
  },
  "seeds": [
    42,
    43,
    44,
    45,
    46
  ],
  "n_successful": 5,
  "statistics": {
    "mae": {
      "mean": 17.610091991341992,
      "std": 0.0,
      "min": 17.610091991341992,
      "max": 17.610091991341992,
      "values": [
        17.610091991341992,
        17.610091991341992,
        17.610091991341992,
        17.610091991341992,
        17.610091991341992
      ]
    },
    "rmse": {
      "mean": 27.137734717360377,
      "std": 0.0,
      "min": 27.137734717360377,
      "max": 27.137734717360377,
      "values": [
        27.137734717360377,
        27.137734717360377,
        27.137734717360377,
        27.137734717360377,
        27.137734717360377
      ]
    },
    "smape": {
      "mean": 28.552254253014002,
      "std": 0.0,
      "min": 28.552254253014002,
      "max": 28.552254253014002,
      "values": [
        28.552254253014002,
        28.552254253014002,
        28.552254253014002,
        28.552254253014002,
        28.552254253014002
      ]
    },
    "total_retrains": {
      "mean": 11.0,
      "std": 0.0,
      "min": "11",
      "max": "11",
      "values": [
        11,
        11,
        11,
        11,
        11
      ]
    }
  },
  "timestamp": "2026-04-01T13:15:46.212263"
}