{
  "config": {
    "dataset": {
      "downsample_freq": "h",
      "name": "electricity",
      "sample_entities": 5
    },
    "drift": {
      "enabled": false
    },
    "metrics": [
      "mae",
      "rmse",
      "smape"
    ],
    "model": {
      "name": "lgbm",
      "params": {
        "learning_rate": 0.1,
        "max_depth": 5,
        "n_estimators": 50,
        "n_lags": 3,
        "random_state": 46
      }
    },
    "output": {
      "results_dir": "results/electricity/no_retrain/lgbm",
      "save_metrics": true,
      "save_predictions": false,
      "save_window_metrics": true
    },
    "retraining": {
      "enabled": true,
      "min_steps_between_retrain": 999999,
      "policy": "no_retraining"
    },
    "seed": 42,
    "simulation": {
      "forecast_horizon_hours": 24,
      "history_window_days": 30,
      "step_size_hours": 24
    }
  },
  "seeds": [
    42,
    43,
    44,
    45,
    46
  ],
  "n_successful": 5,
  "statistics": {
    "mae": {
      "mean": 1494.5393412799951,
      "std": 0.0,
      "min": 1494.5393412799951,
      "max": 1494.5393412799951,
      "values": [
        1494.5393412799951,
        1494.5393412799951,
        1494.5393412799951,
        1494.5393412799951,
        1494.5393412799951
      ]
    },
    "rmse": {
      "mean": 2879.75844518048,
      "std": 0.0,
      "min": 2879.75844518048,
      "max": 2879.75844518048,
      "values": [
        2879.75844518048,
        2879.75844518048,
        2879.75844518048,
        2879.75844518048,
        2879.75844518048
      ]
    },
    "smape": {
      "mean": 71.63639956014713,
      "std": 0.0,
      "min": 71.63639956014713,
      "max": 71.63639956014713,
      "values": [
        71.63639956014713,
        71.63639956014713,
        71.63639956014713,
        71.63639956014713,
        71.63639956014713
      ]
    },
    "total_retrains": {
      "mean": 1.0,
      "std": 0.0,
      "min": "1",
      "max": "1",
      "values": [
        1,
        1,
        1,
        1,
        1
      ]
    }
  },
  "timestamp": "2026-04-01T11:41:50.367278"
}