{
  "mae": 2259.22546204609,
  "rmse": 2848.284705574277,
  "smape": 66.38101346471188,
  "mape": 511.45566503197364,
  "error_mean": 2259.22546204609,
  "error_std": 1734.5391536805898,
  "error_max": 6429.728320069011,
  "error_autocorr_lag1": 0.9116785617562344,
  "relative_error_mean": 5.114556650319736,
  "compute_proxy": 1.0,
  "n_windows": 1978,
  "n_predictions": 47472,
  "retrain_total_retrains": 1,
  "retrain_compute_proxy": 1.0,
  "retrain_drift_triggered_retrains": 0,
  "retrain_total_steps": 1978,
  "retrain_retrain_rate": 0.0005055611729019212
}