{
  "mae": 6.750874917158471,
  "rmse": 13.4718171315074,
  "smape": 12.899130499937872,
  "mape": 11.013811176142523,
  "error_mean": 6.750874917158471,
  "error_std": 11.658282235289079,
  "error_max": 103.90192544973544,
  "error_autocorr_lag1": 0.9691702459293006,
  "relative_error_mean": 0.11013811176142524,
  "compute_proxy": 5.0,
  "n_windows": 44,
  "n_predictions": 7392,
  "retrain_total_retrains": 5,
  "retrain_compute_proxy": 5.0,
  "retrain_drift_triggered_retrains": 0,
  "retrain_total_steps": 44,
  "retrain_retrain_rate": 0.11363636363636363,
  "retrain_avg_hours_between_retrains": 58632.0,
  "retrain_median_hours_between_retrains": 58560.0
}