{
  "config": {
    "dataset": {
      "downsample_freq": "h",
      "name": "traffic",
      "sample_entities": 1
    },
    "drift": {
      "enabled": false
    },
    "metrics": [
      "mae",
      "rmse",
      "smape"
    ],
    "model": {
      "name": "lgbm",
      "params": {
        "learning_rate": 0.1,
        "max_depth": 5,
        "n_estimators": 50,
        "n_lags": 3,
        "random_state": 46
      }
    },
    "output": {
      "results_dir": "results/traffic/no_retrain/lgbm",
      "save_metrics": true,
      "save_predictions": false,
      "save_window_metrics": true
    },
    "retraining": {
      "enabled": true,
      "min_steps_between_retrain": 999999,
      "policy": "no_retraining"
    },
    "seed": 42,
    "simulation": {
      "forecast_horizon_hours": 24,
      "history_window_days": 30,
      "step_size_hours": 24
    }
  },
  "seeds": [
    42,
    43,
    44,
    45,
    46
  ],
  "n_successful": 5,
  "statistics": {
    "mae": {
      "mean": 212.70753324287563,
      "std": 0.0,
      "min": 212.70753324287563,
      "max": 212.70753324287563,
      "values": [
        212.70753324287563,
        212.70753324287563,
        212.70753324287563,
        212.70753324287563,
        212.70753324287563
      ]
    },
    "rmse": {
      "mean": 385.7975434998868,
      "std": 0.0,
      "min": 385.7975434998868,
      "max": 385.7975434998868,
      "values": [
        385.7975434998868,
        385.7975434998868,
        385.7975434998868,
        385.7975434998868,
        385.7975434998868
      ]
    },
    "smape": {
      "mean": 9.786707692998489,
      "std": 0.0,
      "min": 9.786707692998489,
      "max": 9.786707692998489,
      "values": [
        9.786707692998489,
        9.786707692998489,
        9.786707692998489,
        9.786707692998489,
        9.786707692998489
      ]
    },
    "total_retrains": {
      "mean": 1.0,
      "std": 0.0,
      "min": "1",
      "max": "1",
      "values": [
        1,
        1,
        1,
        1,
        1
      ]
    }
  },
  "timestamp": "2026-04-01T13:06:31.212341"
}