{
  "config": {
    "dataset": {
      "downsample_freq": "h",
      "name": "electricity",
      "sample_entities": 5
    },
    "drift": {
      "enabled": false
    },
    "metrics": [
      "mae",
      "rmse",
      "smape"
    ],
    "model": {
      "name": "naive",
      "params": {
        "random_state": 46
      }
    },
    "output": {
      "results_dir": "results/electricity/no_retrain/naive",
      "save_metrics": true,
      "save_predictions": false,
      "save_window_metrics": true
    },
    "retraining": {
      "enabled": true,
      "min_steps_between_retrain": 999999,
      "policy": "no_retraining"
    },
    "seed": 42,
    "simulation": {
      "forecast_horizon_hours": 24,
      "history_window_days": 30,
      "step_size_hours": 24
    }
  },
  "seeds": [
    42,
    43,
    44,
    45,
    46
  ],
  "n_successful": 5,
  "statistics": {
    "mae": {
      "mean": 2219.2852564102564,
      "std": 0.0,
      "min": 2219.2852564102564,
      "max": 2219.2852564102564,
      "values": [
        2219.2852564102564,
        2219.2852564102564,
        2219.2852564102564,
        2219.2852564102564,
        2219.2852564102564
      ]
    },
    "rmse": {
      "mean": 3608.452636174846,
      "std": 5.084229945850415e-13,
      "min": 3608.4526361748462,
      "max": 3608.4526361748462,
      "values": [
        3608.4526361748462,
        3608.4526361748462,
        3608.4526361748462,
        3608.4526361748462,
        3608.4526361748462
      ]
    },
    "smape": {
      "mean": 118.97400302798636,
      "std": 0.0,
      "min": 118.97400302798636,
      "max": 118.97400302798636,
      "values": [
        118.97400302798636,
        118.97400302798636,
        118.97400302798636,
        118.97400302798636,
        118.97400302798636
      ]
    },
    "total_retrains": {
      "mean": 1.0,
      "std": 0.0,
      "min": "1",
      "max": "1",
      "values": [
        1,
        1,
        1,
        1,
        1
      ]
    }
  },
  "timestamp": "2026-04-01T11:47:18.426426"
}