{
  "mae": 344.1608859718968,
  "rmse": 564.259326545757,
  "smape": 14.047997252465422,
  "mape": 120.77235445400893,
  "error_mean": 344.1608859718968,
  "error_std": 447.1486018773962,
  "error_max": 5516.716040944248,
  "error_autocorr_lag1": 0.3375040635661908,
  "relative_error_mean": 1.2077235445400893,
  "compute_proxy": 0.0,
  "n_windows": 1978,
  "n_predictions": 47472,
  "retrain_total_retrains": 0,
  "retrain_compute_proxy": 0.0,
  "retrain_drift_triggered_retrains": 0,
  "retrain_total_steps": 0
}