{
  "mae": 322.34312909905265,
  "rmse": 604.2916586843558,
  "smape": 13.406194810166664,
  "mape": 50.2145515141903,
  "error_mean": 322.34312909905265,
  "error_std": 511.1392333583106,
  "error_max": 5978.1475,
  "error_autocorr_lag1": 0.1607118005567108,
  "relative_error_mean": 0.502145515141903,
  "compute_proxy": 494.0,
  "n_windows": 0,
  "n_predictions": 47472,
  "retrain_total_retrains": 494,
  "retrain_compute_proxy": 494.0,
  "retrain_drift_triggered_retrains": 494,
  "retrain_total_steps": 1978,
  "retrain_retrain_rate": 0.24974721941354905,
  "retrain_avg_hours_between_retrains": 105.01419878296146,
  "retrain_median_hours_between_retrains": 89.0
}