{
  "mae": 2998.7485675766766,
  "rmse": 3593.650422169311,
  "smape": 146.93153162579037,
  "mape": 91.86613831604855,
  "error_mean": 2998.7485675766766,
  "error_std": 1980.3611754461601,
  "error_max": 7028.0,
  "error_autocorr_lag1": 0.9122723641661111,
  "relative_error_mean": 0.9186613831604855,
  "compute_proxy": 4.0,
  "n_windows": 0,
  "n_predictions": 47472,
  "retrain_total_retrains": 4,
  "retrain_compute_proxy": 4.0,
  "retrain_drift_triggered_retrains": 4,
  "retrain_total_steps": 1978,
  "retrain_retrain_rate": 0.0020222446916076846,
  "retrain_avg_hours_between_retrains": 77.66666666666667,
  "retrain_median_hours_between_retrains": 77.0
}