{
  "mae": 1744.5208543983822,
  "rmse": 1986.0409853632516,
  "smape": 63.4028847601669,
  "mape": 288.51039417253446,
  "error_mean": 1744.5208543983822,
  "error_std": 949.2132448042295,
  "error_max": 4050.0,
  "error_autocorr_lag1": 0.727286935836248,
  "relative_error_mean": 2.885103941725345,
  "compute_proxy": 0.0,
  "n_windows": 1978,
  "n_predictions": 47472,
  "retrain_total_retrains": 0,
  "retrain_compute_proxy": 0.0,
  "retrain_drift_triggered_retrains": 0,
  "retrain_total_steps": 0
}