{
  "config": {
    "dataset": {
      "downsample_freq": "w",
      "name": "brent",
      "sample_entities": 1
    },
    "drift": {
      "enabled": false
    },
    "metrics": [
      "mae",
      "rmse",
      "smape"
    ],
    "model": {
      "name": "tsmixer",
      "params": {
        "epochs": 20,
        "hidden_size": 32,
        "input_len": 24,
        "n_layers": 2,
        "random_state": 46
      }
    },
    "output": {
      "results_dir": "results/brent/no_retrain/tsmixer",
      "save_metrics": true,
      "save_predictions": false,
      "save_window_metrics": true
    },
    "retraining": {
      "enabled": true,
      "min_steps_between_retrain": 999999,
      "policy": "no_retraining"
    },
    "seed": 42,
    "simulation": {
      "forecast_horizon_hours": 168,
      "history_window_days": 60,
      "step_size_hours": 168
    }
  },
  "seeds": [
    42,
    43,
    44,
    45,
    46
  ],
  "n_successful": 5,
  "statistics": {
    "mae": {
      "mean": 1.8138087926330175,
      "std": 0.0,
      "min": 1.8138087926330175,
      "max": 1.8138087926330175,
      "values": [
        1.8138087926330175,
        1.8138087926330175,
        1.8138087926330175,
        1.8138087926330175,
        1.8138087926330175
      ]
    },
    "rmse": {
      "mean": 4.256400290166738,
      "std": 0.0,
      "min": 4.256400290166738,
      "max": 4.256400290166738,
      "values": [
        4.256400290166738,
        4.256400290166738,
        4.256400290166738,
        4.256400290166738,
        4.256400290166738
      ]
    },
    "smape": {
      "mean": 3.7916789049038018,
      "std": 0.0,
      "min": 3.7916789049038018,
      "max": 3.7916789049038018,
      "values": [
        3.7916789049038018,
        3.7916789049038018,
        3.7916789049038018,
        3.7916789049038018,
        3.7916789049038018
      ]
    },
    "total_retrains": {
      "mean": 1.0,
      "std": 0.0,
      "min": "1",
      "max": "1",
      "values": [
        1,
        1,
        1,
        1,
        1
      ]
    }
  },
  "timestamp": "2026-04-01T09:40:17.706889"
}