{
  "mae": 17.43097132034632,
  "rmse": 26.479782688567635,
  "smape": 29.268564339870174,
  "mape": 33.82348839590602,
  "error_mean": 17.43097132034632,
  "error_std": 19.93339233705669,
  "error_max": 91.91,
  "error_autocorr_lag1": 0.9928892965575875,
  "relative_error_mean": 0.3382348839590602,
  "compute_proxy": 11.0,
  "n_windows": 0,
  "n_predictions": 7392,
  "retrain_total_retrains": 11,
  "retrain_compute_proxy": 11.0,
  "retrain_drift_triggered_retrains": 11,
  "retrain_total_steps": 44,
  "retrain_retrain_rate": 0.25,
  "retrain_avg_hours_between_retrains": 23460.0,
  "retrain_median_hours_between_retrains": 23460.0
}