{
  "mae": 4.613304383013584,
  "rmse": 11.519643336113054,
  "smape": 8.492260765074317,
  "mape": 7.570615613931947,
  "error_mean": 4.613304383013584,
  "error_std": 10.555548553292791,
  "error_max": 86.31609999999998,
  "error_autocorr_lag1": 0.950003413192918,
  "relative_error_mean": 0.07570615613931947,
  "compute_proxy": 11.0,
  "n_windows": 0,
  "n_predictions": 7392,
  "retrain_total_retrains": 11,
  "retrain_compute_proxy": 11.0,
  "retrain_drift_triggered_retrains": 11,
  "retrain_total_steps": 44,
  "retrain_retrain_rate": 0.25,
  "retrain_avg_hours_between_retrains": 23234.4,
  "retrain_median_hours_between_retrains": 23244.0
}